기준일,순위,종목수,오늘_상위_퍼센트,종목코드,종목명,업종,예상_낙폭,점수,등급,당일_예상_낙폭,당일_점수
2026-09-28,1,201,0.5,007660,이수페타시스,전자부품 제조업,-8.23,97.9,매우 높음,-7.87,97.2
2026-09-28,2,201,1.0,093370,후성,기초 화학물질 제조업,-7.61,96.5,매우 높음,-7.5,96.2
2026-09-28,3,201,1.5,052690,한전기술,"건축기술, 엔지니어링 및 관련 기술 서비스업",-7.44,96.0,매우 높음,-6.91,94.0
2026-09-28,4,201,2.0,007340,DN오토모티브,일차전지 및 이차전지 제조업,-7.33,95.7,매우 높음,-7.66,96.6
2026-09-28,5,201,2.5,272210,한화시스템,전자부품 제조업,-7.25,95.4,매우 높음,-6.85,93.7
2026-09-28,6,201,3.0,096770,SK이노베이션,석유 정제품 제조업,-7.22,95.2,매우 높음,-7.68,96.7
2026-09-28,7,201,3.5,066970,엘앤에프,일차전지 및 이차전지 제조업,-7.11,94.8,매우 높음,-6.82,93.5
2026-09-28,8,201,4.0,000150,두산,전자부품 제조업,-7.11,94.8,매우 높음,-6.85,93.7
2026-09-28,9,201,4.5,001440,대한전선,절연선 및 케이블 제조업,-7.09,94.7,매우 높음,-6.38,90.7
2026-09-28,10,201,5.0,361610,SK아이이테크놀로지,일차전지 및 이차전지 제조업,-7.05,94.6,매우 높음,-7.76,96.9
2026-09-28,11,201,5.5,062040,산일전기,"전동기, 발전기 및 전기 변환 · 공급 · 제어 장치 제조업",-7.04,94.5,매우 높음,-6.95,94.1
2026-09-28,12,201,6.0,047040,대우건설,건물 건설업,-6.96,94.2,매우 높음,-7.21,95.2
2026-09-28,13,201,6.5,000720,현대건설,토목 건설업,-6.87,93.8,매우 높음,-6.94,94.1
2026-09-28,14,201,7.0,000670,영풍,1차 비철금속 제조업,-6.82,93.6,매우 높음,-6.61,92.3
2026-09-28,15,201,7.5,008930,한미사이언스,기타 금융업,-6.56,92.0,매우 높음,-6.6,92.3
2026-09-28,16,201,8.0,003670,포스코퓨처엠,일차전지 및 이차전지 제조업,-6.55,91.9,매우 높음,-6.38,90.8
2026-09-28,17,201,8.5,000990,DB하이텍,반도체 제조업,-6.54,91.9,매우 높음,-6.15,88.8
2026-09-28,18,201,9.0,079550,LIG디펜스앤에어로스페이스,무기 및 총포탄 제조업,-6.5,91.6,매우 높음,-6.35,90.6
2026-09-28,19,201,9.5,001430,세아베스틸지주,1차 철강 제조업,-6.48,91.5,매우 높음,-6.43,91.1
2026-09-28,20,201,10.0,010950,S-Oil,석유 정제품 제조업,-6.42,91.1,매우 높음,-6.4,90.9
2026-09-28,21,201,10.4,128940,한미약품,의약품 제조업,-6.36,90.6,매우 높음,-6.19,89.2
2026-09-28,22,201,10.9,010060,OCI홀딩스,기타 금융업,-6.27,89.9,매우 높음,-6.85,93.7
2026-09-28,23,201,11.4,006260,LS,기타 금융업,-6.22,89.4,매우 높음,-6.24,89.6
2026-09-28,24,201,11.9,483650,달바글로벌,기타 화학제품 제조업,-6.12,88.5,매우 높음,-6.02,87.5
2026-09-28,25,201,12.4,009830,한화솔루션,기초 화학물질 제조업,-6.07,88.0,매우 높음,-6.91,94.0
2026-09-28,26,201,12.9,009150,삼성전기,전자부품 제조업,-6.01,87.4,매우 높음,-6.34,90.4
2026-09-28,27,201,13.4,028050,삼성E&A,"건축기술, 엔지니어링 및 관련 기술 서비스업",-5.97,87.1,매우 높음,-5.95,86.9
2026-09-28,28,201,13.9,298040,효성중공업,"전동기, 발전기 및 전기 변환 · 공급 · 제어 장치 제조업",-5.93,86.7,매우 높음,-5.6,82.6
2026-09-28,29,201,14.4,010120,LS ELECTRIC,"전동기, 발전기 및 전기 변환 · 공급 · 제어 장치 제조업",-5.89,86.2,매우 높음,-5.73,84.3
2026-09-28,30,201,14.9,082740,한화엔진,일반 목적용 기계 제조업,-5.89,86.2,매우 높음,-5.44,80.3
2026-09-28,31,201,15.4,071970,HD현대마린엔진,일반 목적용 기계 제조업,-5.89,86.2,매우 높음,-5.68,83.7
2026-09-28,32,201,15.9,375500,DL이앤씨,토목 건설업,-5.86,85.8,매우 높음,-5.94,86.7
2026-09-28,33,201,16.4,011070,LG이노텍,전자부품 제조업,-5.84,85.6,매우 높음,-6.07,88.1
2026-09-28,34,201,16.9,042700,한미반도체,특수 목적용 기계 제조업,-5.84,85.6,매우 높음,-5.82,85.4
2026-09-28,35,201,17.4,161890,한국콜마,기타 화학제품 제조업,-5.82,85.4,매우 높음,-5.69,83.8
2026-09-28,36,201,17.9,073240,금호타이어,고무제품 제조업,-5.79,85.0,매우 높음,-6.07,88.0
2026-09-28,37,201,18.4,192820,코스맥스,기타 화학제품 제조업,-5.77,84.8,매우 높음,-5.58,82.3
2026-09-28,38,201,18.9,0220W0,한화머시너리앤서비스홀딩스,,-5.76,84.7,매우 높음,-5.63,83.1
2026-09-28,39,201,19.4,023530,롯데쇼핑,종합 소매업,-5.76,84.6,매우 높음,-5.45,80.4
2026-09-28,40,201,19.9,078930,GS,기타 금융업,-5.74,84.4,매우 높음,-5.82,85.4
2026-09-28,41,201,20.4,014680,한솔케미칼,기초 화학물질 제조업,-5.73,84.3,매우 높음,-5.83,85.5
2026-09-28,42,201,20.9,267270,HD건설기계,특수 목적용 기계 제조업,-5.7,84.0,매우 높음,-5.62,82.9
2026-09-28,43,201,21.4,006650,대한유화,기초 화학물질 제조업,-5.66,83.4,매우 높음,-5.53,81.6
2026-09-28,44,201,21.9,112610,씨에스윈드,"구조용 금속제품, 탱크 및 증기발생기 제조업",-5.61,82.7,매우 높음,-6.13,88.6
2026-09-28,45,201,22.4,450080,에코프로머티,일차전지 및 이차전지 제조업,-5.6,82.6,매우 높음,-5.56,82.0
2026-09-28,46,201,22.9,066570,LG전자,통신 및 방송 장비 제조업,-5.51,81.3,매우 높음,-5.67,83.6
2026-09-28,47,201,23.4,002030,아세아,회사 본부 및 경영 컨설팅 서비스업,-5.46,80.5,매우 높음,-5.3,78.0
2026-09-28,48,201,23.9,443060,HD현대마린솔루션,"건축기술, 엔지니어링 및 관련 기술 서비스업",-5.44,80.3,매우 높음,-5.46,80.5
2026-09-28,49,201,24.4,012450,한화에어로스페이스,"항공기,우주선 및 부품 제조업",-5.41,79.8,높음,-5.37,79.3
2026-09-28,50,201,24.9,307950,현대오토에버,소프트웨어 개발 및 공급업,-5.4,79.7,높음,-5.5,81.1
2026-09-28,51,201,25.4,006400,삼성SDI,일차전지 및 이차전지 제조업,-5.38,79.4,높음,-5.44,80.4
2026-09-28,52,201,25.9,120110,코오롱인더,화학섬유 제조업,-5.38,79.4,높음,-5.35,78.8
2026-09-28,53,201,26.4,009420,한올바이오파마,의약품 제조업,-5.26,77.4,높음,-5.37,79.2
2026-09-28,54,201,26.9,000210,DL,기초 화학물질 제조업,-5.23,76.9,높음,-5.18,76.2
2026-09-28,55,201,27.4,028670,팬오션,해상 운송업,-5.18,76.1,높음,-5.29,77.9
2026-09-28,56,201,27.9,047810,한국항공우주,"항공기,우주선 및 부품 제조업",-5.13,75.3,높음,-5.01,72.9
2026-09-28,57,201,28.4,005420,코스모화학,기타 화학제품 제조업,-5.13,75.3,높음,-5.19,76.3
2026-09-28,58,201,28.9,456040,OCI,기초 화학물질 제조업,-5.11,74.8,높음,-5.16,75.7
2026-09-28,59,201,29.4,011170,롯데케미칼,기초 화학물질 제조업,-5.11,74.7,높음,-5.09,74.5
2026-09-28,60,201,29.9,047050,포스코인터내셔널,상품 중개업,-5.11,74.7,높음,-4.94,71.7
2026-09-28,61,201,30.3,175330,JB금융지주,기타 금융업,-5.1,74.7,높음,-5.18,76.1
2026-09-28,62,201,30.8,285130,SK케미칼,합성고무 및 플라스틱 물질 제조업,-5.04,73.5,높음,-5.12,75.1
2026-09-28,63,201,31.3,103140,풍산,1차 비철금속 제조업,-5.01,73.0,높음,-5.12,75.0
2026-09-28,64,201,31.8,088350,한화생명,보험업,-4.98,72.4,높음,-4.93,71.5
2026-09-28,65,201,32.3,383220,F&F,봉제의복 제조업,-4.95,71.9,높음,-5.07,74.0
2026-09-28,66,201,32.8,278470,에이피알,기타 화학제품 제조업,-4.93,71.4,높음,-4.93,71.4
2026-09-28,67,201,33.3,267260,HD현대일렉트릭,"전동기, 발전기 및 전기 변환 · 공급 · 제어 장치 제조업",-4.92,71.3,높음,-4.77,68.3
2026-09-28,68,201,33.8,034020,두산에너빌리티,일반 목적용 기계 제조업,-4.92,71.2,높음,-4.88,70.4
2026-09-28,69,201,34.3,004020,현대제철,1차 철강 제조업,-4.9,70.8,높음,-4.68,66.5
2026-09-28,70,201,34.8,032830,삼성생명,보험업,-4.89,70.7,높음,-4.95,71.8
2026-09-28,71,201,35.3,064350,현대로템,그외 기타 운송장비 제조업,-4.89,70.6,높음,-5.03,73.3
2026-09-28,72,201,35.8,180640,한진칼,기타 금융업,-4.86,70.0,높음,-4.84,69.8
2026-09-28,73,201,36.3,001450,현대해상,보험업,-4.85,69.9,높음,-4.98,72.5
2026-09-28,74,201,36.8,003030,세아제강지주,기타 금융업,-4.85,69.9,높음,-5.16,75.6
2026-09-28,75,201,37.3,042660,한화오션,선박 및 보트 건조업,-4.84,69.6,높음,-4.68,66.4
2026-09-28,76,201,37.8,457190,이수스페셜티케미컬,기초 화학물질 제조업,-4.8,69.0,높음,-4.98,72.4
2026-09-28,77,201,38.3,000880,한화,기타 화학제품 제조업,-4.78,68.4,높음,-4.66,65.9
2026-09-28,78,201,38.8,373220,LG에너지솔루션,일차전지 및 이차전지 제조업,-4.75,67.9,높음,-4.59,64.4
2026-09-28,79,201,39.3,008730,율촌화학,플라스틱제품 제조업,-4.74,67.6,높음,-4.79,68.6
2026-09-28,80,201,39.8,402340,SK스퀘어,기타 금융업,-4.72,67.2,높음,-4.79,68.7
2026-09-28,81,201,40.3,267250,HD현대,기타 금융업,-4.71,67.1,높음,-4.78,68.5
2026-09-28,82,201,40.8,329180,HD현대중공업,선박 및 보트 건조업,-4.65,65.7,높음,-4.29,57.3
2026-09-28,83,201,41.3,090430,아모레퍼시픽,기타 화학제품 제조업,-4.6,64.5,높음,-4.37,59.1
2026-09-28,84,201,41.8,004170,신세계,종합 소매업,-4.58,64.2,높음,-4.45,61.1
2026-09-28,85,201,42.3,017960,한국카본,"구조용 금속제품, 탱크 및 증기발생기 제조업",-4.56,63.8,높음,-4.49,62.2
2026-09-28,86,201,42.8,036570,NC,소프트웨어 개발 및 공급업,-4.56,63.6,높음,-4.55,63.5
2026-09-28,87,201,43.3,069960,현대백화점,종합 소매업,-4.55,63.5,높음,-4.59,64.2
2026-09-28,88,201,43.8,454910,두산로보틱스,특수 목적용 기계 제조업,-4.55,63.4,높음,-4.53,63.0
2026-09-28,89,201,44.3,034730,SK,기타 금융업,-4.54,63.3,높음,-4.8,68.9
2026-09-28,90,201,44.8,268280,미원에스씨,기초 화학물질 제조업,-4.53,63.1,높음,-4.07,51.6
2026-09-28,91,201,45.3,018260,삼성에스디에스,"컴퓨터 프로그래밍, 시스템 통합 및 관리업",-4.52,62.7,높음,-4.42,60.5
2026-09-28,92,201,45.8,011790,SKC,기타 화학제품 제조업,-4.49,62.0,높음,-4.6,64.7
2026-09-28,93,201,46.3,002840,미원상사,기타 화학제품 제조업,-4.47,61.6,높음,-4.4,59.9
2026-09-28,94,201,46.8,006800,미래에셋증권,금융 지원 서비스업,-4.47,61.5,높음,-4.33,58.3
2026-09-28,95,201,47.3,051910,LG화학,기초 화학물질 제조업,-4.42,60.5,높음,-4.38,59.4
2026-09-28,96,201,47.8,280360,롯데웰푸드,기타 식품 제조업,-4.42,60.4,높음,-4.34,58.5
2026-09-28,97,201,48.3,003490,대한항공,항공 여객 운송업,-4.4,59.9,보통,-4.33,58.3
2026-09-28,98,201,48.8,010130,고려아연,1차 비철금속 제조업,-4.38,59.6,보통,-4.29,57.3
2026-09-28,99,201,49.3,352820,하이브,오디오물 출판 및 원판 녹음업,-4.38,59.5,보통,-4.53,62.9
2026-09-28,100,201,49.8,001040,CJ,기타 금융업,-4.36,59.1,보통,-4.53,63.1
2026-09-28,101,201,50.2,010140,삼성중공업,선박 및 보트 건조업,-4.35,58.8,보통,-3.99,49.4
2026-09-28,102,201,50.7,009540,HD한국조선해양,기타 금융업,-4.35,58.7,보통,-4.12,53.0
2026-09-28,103,201,51.2,003230,삼양식품,기타 식품 제조업,-4.35,58.7,보통,-4.2,55.1
2026-09-28,104,201,51.7,012750,에스원,"경비, 경호 및 탐정업",-4.33,58.2,보통,-4.1,52.3
2026-09-28,105,201,52.2,028260,삼성물산,기타 전문 도매업,-4.32,58.1,보통,-4.42,60.4
2026-09-28,106,201,52.7,298020,효성티앤씨,화학섬유 제조업,-4.3,57.6,보통,-4.28,57.0
2026-09-28,107,201,53.2,161390,한국타이어앤테크놀로지,고무제품 제조업,-4.29,57.4,보통,-4.34,58.5
2026-09-28,108,201,53.7,282330,BGF리테일,종합 소매업,-4.26,56.4,보통,-4.24,55.9
2026-09-28,109,201,54.2,138040,메리츠금융지주,기타 금융업,-4.24,55.9,보통,-4.38,59.4
2026-09-28,110,201,54.7,005830,DB손해보험,보험업,-4.24,55.9,보통,-4.2,55.0
2026-09-28,111,201,55.2,021240,코웨이,그외 기타 개인 서비스업,-4.23,55.8,보통,-4.26,56.6
2026-09-28,112,201,55.7,022100,포스코DX,"건축기술, 엔지니어링 및 관련 기술 서비스업",-4.21,55.3,보통,-4.21,55.3
2026-09-28,113,201,56.2,064400,LG씨엔에스,"컴퓨터 프로그래밍, 시스템 통합 및 관리업",-4.16,53.9,보통,-4.11,52.6
2026-09-28,114,201,56.7,017670,SK텔레콤,전기 통신업,-4.15,53.6,보통,-4.25,56.3
2026-09-28,115,201,57.2,298050,HS효성첨단소재,화학섬유 제조업,-4.13,53.3,보통,-4.17,54.1
2026-09-28,116,201,57.7,0126Z0,삼성에피스홀딩스,기타 금융업,-4.13,53.3,보통,-4.05,50.9
2026-09-28,117,201,58.2,051900,LG생활건강,기타 화학제품 제조업,-4.13,53.1,보통,-3.99,49.5
2026-09-28,118,201,58.7,204320,HL만도,자동차 신품 부품 제조업,-4.12,52.9,보통,-4.16,54.0
2026-09-28,119,201,59.2,377300,카카오페이,금융 지원 서비스업,-4.09,52.1,보통,-3.94,47.9
2026-09-28,120,201,59.7,071050,한국금융지주,기타 금융업,-4.06,51.3,보통,-4.0,49.7
2026-09-28,121,201,60.2,000810,삼성화재,보험업,-4.03,50.5,보통,-4.08,51.9
2026-09-28,122,201,60.7,241560,두산밥캣,특수 목적용 기계 제조업,-3.98,49.1,보통,-3.94,48.0
2026-09-28,123,201,61.2,138930,BNK금융지주,기타 금융업,-3.97,49.0,보통,-4.3,57.6
2026-09-28,124,201,61.7,018880,한온시스템,일반 목적용 기계 제조업,-3.97,48.9,보통,-4.02,50.2
2026-09-28,125,201,62.2,071320,지역난방공사,"증기, 냉·온수 및 공기조절 공급업",-3.96,48.7,보통,-3.99,49.5
2026-09-28,126,201,62.7,002790,아모레퍼시픽홀딩스,기타 화학제품 제조업,-3.95,48.3,보통,-3.83,45.1
2026-09-28,127,201,63.2,002380,KCC,기타 화학제품 제조업,-3.95,48.2,보통,-3.93,47.9
2026-09-28,128,201,63.7,086280,현대글로비스,기타 운송관련 서비스업,-3.9,47.0,보통,-3.85,45.5
2026-09-28,129,201,64.2,012330,현대모비스,자동차 신품 부품 제조업,-3.89,46.8,보통,-3.93,47.8
2026-09-28,130,201,64.7,007070,GS리테일,종합 소매업,-3.89,46.8,보통,-3.71,41.6
2026-09-28,131,201,65.2,014820,동원시스템즈,플라스틱제품 제조업,-3.88,46.5,보통,-3.68,40.7
2026-09-28,132,201,65.7,016360,삼성증권,금융 지원 서비스업,-3.84,45.3,보통,-3.7,41.3
2026-09-28,133,201,66.2,011200,HMM,해상 운송업,-3.8,44.2,보통,-3.8,44.0
2026-09-28,134,201,66.7,011780,금호석유화학,기초 화학물질 제조업,-3.79,44.0,보통,-3.84,45.2
2026-09-28,135,201,67.2,316140,우리금융지주,기타 금융업,-3.77,43.3,보통,-3.86,45.8
2026-09-28,136,201,67.7,034220,LG디스플레이,전자부품 제조업,-3.77,43.2,보통,-3.91,47.1
2026-09-28,137,201,68.2,003550,LG,기타 금융업,-3.75,42.7,보통,-3.79,43.9
2026-09-28,138,201,68.7,137310,에스디바이오센서,의료용 기기 제조업,-3.75,42.7,보통,-3.68,40.5
2026-09-28,139,201,69.2,139130,iM금융지주,기타 금융업,-3.74,42.5,보통,-4.15,53.8
2026-09-28,140,201,69.7,039490,키움증권,금융 지원 서비스업,-3.73,42.2,보통,-3.73,42.2
2026-09-28,141,201,70.1,081660,미스토홀딩스,생활용품 도매업,-3.72,41.8,보통,-3.76,42.9
2026-09-28,142,201,70.6,034230,파라다이스,유원지 및 기타 오락관련 서비스업,-3.67,40.4,보통,-3.53,36.1
2026-09-28,143,201,71.1,069620,대웅제약,의약품 제조업,-3.67,40.3,보통,-3.5,35.2
2026-09-28,144,201,71.6,000270,기아,자동차용 엔진 및 자동차 제조업,-3.62,38.8,낮음,-3.66,40.1
2026-09-28,145,201,72.1,003090,대웅,의약품 제조업,-3.62,38.7,낮음,-3.54,36.2
2026-09-28,146,201,72.6,009240,한샘,생활용품 도매업,-3.6,38.2,낮음,-3.6,38.4
2026-09-28,147,201,73.1,000240,한국앤컴퍼니,기타 금융업,-3.57,37.3,낮음,-3.89,46.8
2026-09-28,148,201,73.6,000660,SK하이닉스,반도체 제조업,-3.55,36.7,낮음,-3.71,41.6
2026-09-28,149,201,74.1,003240,태광산업,화학섬유 제조업,-3.55,36.7,낮음,-3.41,32.4
2026-09-28,150,201,74.6,192080,더블유게임즈,소프트웨어 개발 및 공급업,-3.53,36.0,낮음,-3.4,32.2
2026-09-28,151,201,75.1,006280,녹십자,의약품 제조업,-3.51,35.3,낮음,-3.29,28.7
2026-09-28,152,201,75.6,105560,KB금융,기타 금융업,-3.51,35.3,낮음,-3.41,32.5
2026-09-28,153,201,76.1,259960,크래프톤,소프트웨어 개발 및 공급업,-3.48,34.5,낮음,-3.42,32.7
2026-09-28,154,201,76.6,111770,영원무역,상품 종합 도매업,-3.48,34.4,낮음,-3.55,36.8
2026-09-28,155,201,77.1,055550,신한지주,기타 금융업,-3.46,34.0,낮음,-3.36,30.7
2026-09-28,156,201,77.6,005490,POSCO홀딩스,1차 철강 제조업,-3.46,34.0,낮음,-3.45,33.7
2026-09-28,157,201,78.1,011210,현대위아,자동차 신품 부품 제조업,-3.46,33.9,낮음,-3.53,35.9
2026-09-28,158,201,78.6,005940,NH투자증권,금융 지원 서비스업,-3.45,33.7,낮음,-3.47,34.1
2026-09-28,159,201,79.1,004370,농심,기타 식품 제조업,-3.44,33.4,낮음,-3.38,31.6
2026-09-28,160,201,79.6,302440,SK바이오사이언스,기초 의약물질 제조업,-3.42,32.9,낮음,-3.43,32.9
2026-09-28,161,201,80.1,035420,NAVER,"자료처리, 호스팅, 포털 및 기타 인터넷 정보매개 서비스업",-3.41,32.6,낮음,-3.51,35.3
2026-09-28,162,201,80.6,051600,한전KPS,전기 및 통신 공사업,-3.41,32.3,낮음,-3.44,33.2
2026-09-28,163,201,81.1,326030,SK바이오팜,자연과학 및 공학 연구개발업,-3.4,32.1,낮음,-3.16,24.8
2026-09-28,164,201,81.6,004000,롯데정밀화학,기초 화학물질 제조업,-3.4,32.0,낮음,-3.38,31.6
2026-09-28,165,201,82.1,035720,카카오,"자료처리, 호스팅, 포털 및 기타 인터넷 정보매개 서비스업",-3.38,31.5,낮음,-3.38,31.5
2026-09-28,166,201,82.6,005850,에스엘,자동차 신품 부품 제조업,-3.37,31.3,낮음,-3.57,37.3
2026-09-28,167,201,83.1,251270,넷마블,소프트웨어 개발 및 공급업,-3.3,29.0,낮음,-3.35,30.4
2026-09-28,168,201,83.6,009970,영원무역홀딩스,기타 금융업,-3.3,28.9,낮음,-3.28,28.4
2026-09-28,169,201,84.1,004990,롯데지주,기타 금융업,-3.24,27.3,낮음,-3.14,24.2
2026-09-28,170,201,84.6,086790,하나금융지주,기타 금융업,-3.24,27.2,낮음,-3.23,27.0
2026-09-28,171,201,85.1,005930,삼성전자,통신 및 방송 장비 제조업,-3.22,26.6,낮음,-3.07,22.1
2026-09-28,172,201,85.6,005380,현대차,자동차용 엔진 및 자동차 제조업,-3.2,26.1,낮음,-3.16,24.8
2026-09-28,173,201,86.1,015760,한국전력,전기업,-3.1,22.9,낮음,-3.2,26.0
2026-09-28,174,201,86.6,006040,동원산업,기타 금융업,-3.1,22.9,낮음,-3.13,23.8
2026-09-28,175,201,87.1,000100,유한양행,의약품 제조업,-3.08,22.5,낮음,-3.05,21.6
2026-09-28,176,201,87.6,271560,오리온,기타 식품 제조업,-3.07,22.0,낮음,-2.89,17.2
2026-09-28,177,201,88.1,033780,KT&G,담배 제조업,-3.04,21.3,낮음,-3.02,20.8
2026-09-28,178,201,88.6,008770,호텔신라,기타 상품 전문 소매업,-3.04,21.1,낮음,-2.98,19.5
2026-09-28,179,201,89.1,207940,삼성바이오로직스,기초 의약물질 제조업,-3.03,21.0,낮음,-3.02,20.8
2026-09-28,180,201,89.6,001800,오리온홀딩스,기타 금융업,-3.0,20.1,낮음,-3.07,22.2
2026-09-28,181,201,90.0,036460,한국가스공사,연료용 가스 제조 및 배관공급업,-2.98,19.4,매우 낮음,-2.81,15.0
2026-09-28,182,201,90.5,001680,대상,기타 식품 제조업,-2.97,19.1,매우 낮음,-3.1,23.1
2026-09-28,183,201,91.0,139480,이마트,종합 소매업,-2.92,17.9,매우 낮음,-2.78,14.3
2026-09-28,184,201,91.5,300720,한일시멘트,"시멘트, 석회, 플라스터 및 그 제품 제조업",-2.88,16.9,매우 낮음,-2.7,12.4
2026-09-28,185,201,92.0,185750,종근당,의약품 제조업,-2.86,16.4,매우 낮음,-2.76,13.7
2026-09-28,186,201,92.5,097950,CJ제일제당,기타 식품 제조업,-2.83,15.5,매우 낮음,-2.89,17.1
2026-09-28,187,201,93.0,007310,오뚜기,기타 식품 제조업,-2.83,15.5,매우 낮음,-2.83,15.4
2026-09-28,188,201,93.5,017800,현대엘리베이터,일반 목적용 기계 제조업,-2.82,15.2,매우 낮음,-2.68,12.0
2026-09-28,189,201,94.0,032640,LG유플러스,전기 통신업,-2.81,15.0,매우 낮음,-2.83,15.5
2026-09-28,190,201,94.5,069260,TKG휴켐스,기타 화학제품 제조업,-2.79,14.4,매우 낮음,-2.79,14.6
2026-09-28,191,201,95.0,026960,동서,음·식료품 및 담배 도매업,-2.71,12.7,매우 낮음,-2.83,15.5
2026-09-28,192,201,95.5,068270,셀트리온,기초 의약물질 제조업,-2.66,11.7,매우 낮음,-2.57,9.6
2026-09-28,193,201,96.0,029780,삼성카드,기타 금융업,-2.65,11.5,매우 낮음,-2.75,13.7
2026-09-28,194,201,96.5,000120,CJ대한통운,도로 화물 운송업,-2.62,10.8,매우 낮음,-2.6,10.4
2026-09-28,195,201,97.0,323410,카카오뱅크,은행 및 저축기관,-2.53,8.8,매우 낮음,-2.47,7.9
2026-09-28,196,201,97.5,030000,제일기획,광고업,-2.46,7.8,매우 낮음,-2.12,3.2
2026-09-28,197,201,98.0,000080,하이트진로,알코올음료 제조업,-2.43,7.3,매우 낮음,-2.4,6.8
2026-09-28,198,201,98.5,030200,KT,전기 통신업,-2.38,6.5,매우 낮음,-2.32,5.6
2026-09-28,199,201,99.0,024110,기업은행,은행 및 저축기관,-2.38,6.4,매우 낮음,-2.66,11.7
2026-09-28,200,201,99.5,005300,롯데칠성,비알코올음료 및 얼음 제조업,-2.26,4.8,매우 낮음,-2.25,4.6
2026-09-28,201,201,100.0,035250,강원랜드,유원지 및 기타 오락관련 서비스업,-1.9,1.4,매우 낮음,-1.89,1.3
