score,pred_mdd5
0.0,-0.01161340450630459
0.1,-0.0139797830028948
0.2,-0.01491469175229343
0.30000000000000004,-0.015591680227914574
0.4,-0.01617181294229068
0.5,-0.016493381319156918
0.6000000000000001,-0.01698166475587661
0.7000000000000001,-0.017312941347362113
0.8,-0.017656632195436204
0.9,-0.017952530536697153
1.0,-0.018227818558771865
1.1,-0.01845185296217763
1.2000000000000002,-0.01867542465798892
1.3,-0.01886226585333259
1.4000000000000001,-0.019023850375020707
1.5,-0.01917230161789393
1.6,-0.01935210403168551
1.7000000000000002,-0.019493867626108937
1.8,-0.019649516743546622
1.9000000000000001,-0.01980808646062697
2.0,-0.01995959495168675
2.1,-0.020089872523349216
2.2,-0.020206579854780565
2.3000000000000003,-0.020321790506316186
2.4000000000000004,-0.020432520556592677
2.5,-0.02054557511696138
2.6,-0.020651678687006007
2.7,-0.02075188305586303
2.8000000000000003,-0.020849349843420573
2.9000000000000004,-0.02093595340398673
3.0,-0.021029117157076855
3.1,-0.021129867821137602
3.2,-0.021235546707801162
3.3000000000000003,-0.021343243649767342
3.4000000000000004,-0.021445029038345095
3.5,-0.021534144550675455
3.6,-0.021622639714466683
3.7,-0.02170556178506823
3.8000000000000003,-0.021804235667149865
3.9000000000000004,-0.021909473378652556
4.0,-0.021995547648280957
4.1000000000000005,-0.022063618357775067
4.2,-0.022145428997973563
4.3,-0.022231806445743338
4.4,-0.022313049836529594
4.5,-0.022391473524276163
4.6000000000000005,-0.02246747785619372
4.7,-0.02255357385557673
4.800000000000001,-0.02262812447817208
4.9,-0.022700926161102055
5.0,-0.022794570901924435
5.1000000000000005,-0.022858579916883275
5.2,-0.022932803208249104
5.300000000000001,-0.02300791930390616
5.4,-0.023087327259022457
5.5,-0.02315019868960688
5.6000000000000005,-0.023226308493892355
5.7,-0.023296332272733485
5.800000000000001,-0.023370622068480586
5.9,-0.023437463253140268
6.0,-0.023511252282763215
6.1000000000000005,-0.02357908190880661
6.2,-0.023650578049139972
6.300000000000001,-0.02371268124475901
6.4,-0.02377151466358659
6.5,-0.023828340917011876
6.6000000000000005,-0.023883725526987285
6.7,-0.02394289732954382
6.800000000000001,-0.0240025739700026
6.9,-0.02406729348371409
7.0,-0.02413559059341026
7.1000000000000005,-0.024201876834932527
7.2,-0.0242642751990331
7.300000000000001,-0.02432243814757423
7.4,-0.024390025141385607
7.5,-0.024458138409806842
7.6000000000000005,-0.024524441003496173
7.7,-0.024581643945129343
7.800000000000001,-0.024630844113639607
7.9,-0.024694142374021337
8.0,-0.024754388313209207
8.1,-0.024817928507931533
8.200000000000001,-0.024878004618889064
8.3,-0.024941413941457345
8.4,-0.02500963603991817
8.5,-0.025062519857928265
8.6,-0.025123729232413874
8.700000000000001,-0.025172335984766342
8.8,-0.02522269404732955
8.9,-0.02527985001128492
9.0,-0.025329941935360097
9.1,-0.025378491005624736
9.200000000000001,-0.025429502071359363
9.3,-0.025480883781558536
9.4,-0.0255263607772947
9.5,-0.025588014214692634
9.600000000000001,-0.025637967762864405
9.700000000000001,-0.025694004038123792
9.8,-0.025743311635907627
9.9,-0.025793568534043156
10.0,-0.025839681404490656
10.100000000000001,-0.02589107590296785
10.200000000000001,-0.025941343446439134
10.3,-0.025994686368615644
10.4,-0.026042124895635923
10.5,-0.02609050806199293
10.600000000000001,-0.02613247520901789
10.700000000000001,-0.02617855130339508
10.8,-0.02622810715186966
10.9,-0.026272405759045322
11.0,-0.02632140561639652
11.100000000000001,-0.026363935101676752
11.200000000000001,-0.02640913181935526
11.3,-0.02645488653102086
11.4,-0.02650407048563392
11.5,-0.02654592655458751
11.600000000000001,-0.026587181432208788
11.700000000000001,-0.026627214104972256
11.8,-0.026670083337458732
11.9,-0.026712586392359912
12.0,-0.026765492248368383
12.100000000000001,-0.026821167504279268
12.200000000000001,-0.026871377749156208
12.3,-0.026920248067632276
12.4,-0.026969628786238403
12.5,-0.027016247515664275
12.600000000000001,-0.02705821432506304
12.700000000000001,-0.027109607377981165
12.8,-0.02715160860753728
12.9,-0.027200163412152846
13.0,-0.027240763876285764
13.100000000000001,-0.027288579374925695
13.200000000000001,-0.02733001096733712
13.3,-0.02737162398041918
13.4,-0.027405576933401735
13.5,-0.02744419746661713
13.600000000000001,-0.027492963075655557
13.700000000000001,-0.027542690826088016
13.8,-0.027585355252819063
13.9,-0.027625394641228783
14.0,-0.027672179950320654
14.100000000000001,-0.027722457855559032
14.200000000000001,-0.027768317028819614
14.3,-0.027816444526441053
14.4,-0.02785540708525593
14.5,-0.027894676499799022
14.600000000000001,-0.027933074032122442
14.700000000000001,-0.027976391306052825
14.8,-0.028015791026938477
14.9,-0.02805198223110566
15.0,-0.028095896690246903
15.100000000000001,-0.028133937965871023
15.200000000000001,-0.028169827124764787
15.3,-0.028212358556899242
15.4,-0.02825296787969599
15.5,-0.028297653204581504
15.600000000000001,-0.02833667100932663
15.700000000000001,-0.028372162362739053
15.8,-0.028405966968623807
15.9,-0.02844652633143887
16.0,-0.02848992188146466
16.1,-0.028521489191394682
16.2,-0.028560212795810214
16.3,-0.02860248194164188
16.400000000000002,-0.028641363089927565
16.5,-0.02868601583274463
16.6,-0.028725750176458877
16.7,-0.028760133132269737
16.8,-0.02879552008079462
16.900000000000002,-0.028831141758360657
17.0,-0.028876167646717632
17.1,-0.028908564487858286
17.2,-0.02894540873419862
17.3,-0.028986373357192858
17.400000000000002,-0.029022979624911564
17.5,-0.029062416169810604
17.6,-0.02909544134621593
17.7,-0.02913294680674733
17.8,-0.029176933761520817
17.900000000000002,-0.029213997190645026
18.0,-0.02924790731550486
18.1,-0.029285042899405
18.2,-0.029314935021624647
18.3,-0.029350061308127395
18.400000000000002,-0.029395204811184322
18.5,-0.02943296789986405
18.6,-0.029470482019165245
18.7,-0.029506257449711776
18.8,-0.029543318548041753
18.900000000000002,-0.029578319033380346
19.0,-0.02962186269051654
19.1,-0.029656925284763436
19.200000000000003,-0.029693452339831932
19.3,-0.029722899193769026
19.400000000000002,-0.029761053073414947
19.5,-0.029796569876054266
19.6,-0.029832992787641902
19.700000000000003,-0.02986588020112508
19.8,-0.0299023261449663
19.900000000000002,-0.029935709512843633
20.0,-0.02996551881373719
20.1,-0.030000404147847763
20.200000000000003,-0.03004034766118227
20.3,-0.030072798813031983
20.400000000000002,-0.030109522842036236
20.5,-0.03014247447499669
20.6,-0.03017881963007079
20.700000000000003,-0.03021431414968719
20.8,-0.03024940408628872
20.900000000000002,-0.03029417800980476
21.0,-0.03032971174161561
21.1,-0.030361605601159115
21.200000000000003,-0.030397220304441485
21.3,-0.030430251510587404
21.400000000000002,-0.030465175707648506
21.5,-0.03049688813914876
21.6,-0.030540395628946376
21.700000000000003,-0.030572004431628337
21.8,-0.03060887918188535
21.900000000000002,-0.030644763511397912
22.0,-0.030673704454034702
22.1,-0.030705445255436482
22.200000000000003,-0.030737558589180043
22.3,-0.030775435677744746
22.400000000000002,-0.030807414438856467
22.5,-0.030837270436311078
22.6,-0.030866902516777716
22.700000000000003,-0.030902127568256582
22.8,-0.030934028214523148
22.900000000000002,-0.030962886755543748
23.0,-0.030998898445211438
23.1,-0.031032056889621882
23.200000000000003,-0.031069096172776794
23.3,-0.031109346170931886
23.400000000000002,-0.03114356533471873
23.5,-0.031182630706754116
23.6,-0.031218391993229018
23.700000000000003,-0.031247761281227315
23.8,-0.03128053411621537
23.900000000000002,-0.03130974718042662
24.0,-0.031346354140034546
24.1,-0.031377663211114154
24.200000000000003,-0.03140933971759032
24.3,-0.031445282375224426
24.400000000000002,-0.031479218132196764
24.5,-0.03151569868492785
24.6,-0.03155090329072025
24.700000000000003,-0.03157716182808239
24.8,-0.031611650874049387
24.900000000000002,-0.031641914743055805
25.0,-0.03167469418176287
25.1,-0.03170877971421524
25.200000000000003,-0.03174130473906126
25.3,-0.031782078809743916
25.400000000000002,-0.03181137385149561
25.5,-0.03184390051801074
25.6,-0.03187660640250532
25.700000000000003,-0.03190377338210243
25.8,-0.03193394021159112
25.900000000000002,-0.031964872888660796
26.0,-0.031999492356248375
26.1,-0.03202802513143106
26.200000000000003,-0.03206033382442807
26.3,-0.032088143097336784
26.400000000000002,-0.03211729232103043
26.5,-0.0321529977823064
26.6,-0.03218617026613063
26.700000000000003,-0.032220172378387174
26.8,-0.03225197056950023
26.900000000000002,-0.03228507395301484
27.0,-0.032319392070258746
27.1,-0.03235119284755712
27.200000000000003,-0.032382499762391076
27.3,-0.032417447597149235
27.400000000000002,-0.03245077306656295
27.5,-0.03248294211962489
27.6,-0.032515923497019095
27.700000000000003,-0.03254225413600078
27.8,-0.03257455505198513
27.900000000000002,-0.032604023184634394
28.0,-0.032638270748565824
28.1,-0.03267936149541758
28.200000000000003,-0.03271507509283033
28.3,-0.032745932334836095
28.400000000000002,-0.032778984901656386
28.5,-0.03281928666813788
28.6,-0.03285190143944965
28.700000000000003,-0.0328893469275951
28.8,-0.03292793624261017
28.900000000000002,-0.03295920550056736
29.0,-0.03299047870157863
29.1,-0.03302438718478947
29.200000000000003,-0.033056330002011296
29.3,-0.03309176460356593
29.400000000000002,-0.03313403935434649
29.5,-0.03317131716754406
29.6,-0.03320446427248963
29.700000000000003,-0.03323450019898409
29.8,-0.03326150595071281
29.900000000000002,-0.03329230027286584
30.0,-0.03332530437390455
30.1,-0.033358307976257176
30.200000000000003,-0.03339006470785382
30.3,-0.03341726574616068
30.400000000000002,-0.033448960750763986
30.5,-0.033484531878403584
30.6,-0.03351647028812167
30.700000000000003,-0.033552423684216494
30.8,-0.033580556480504016
30.900000000000002,-0.0336122661302279
31.0,-0.033644657959620385
31.1,-0.033677548054516476
31.200000000000003,-0.03370613197824202
31.3,-0.0337365659881783
31.400000000000002,-0.033769892912194094
31.5,-0.03380291323230497
31.6,-0.0338398770082493
31.700000000000003,-0.0338705985025028
31.8,-0.03390229528642225
31.900000000000002,-0.033932176994660466
32.0,-0.033959139290427265
32.1,-0.0339909813572139
32.2,-0.034022940015327734
32.300000000000004,-0.034051660017113176
32.4,-0.034084955691126316
32.5,-0.03411081845533324
32.6,-0.034146288419935056
32.7,-0.03418096618480749
32.800000000000004,-0.03420912851132057
32.9,-0.03424365203306933
33.0,-0.034280700151541055
33.1,-0.034319213121364295
33.2,-0.034358371630073374
33.300000000000004,-0.034394927934231746
33.4,-0.03442175544062261
33.5,-0.0344538200995129
33.6,-0.03448956913270108
33.7,-0.034519208701385064
33.800000000000004,-0.03455496165676575
33.9,-0.0345876269549883
34.0,-0.034625370266491595
34.1,-0.034660838181136085
34.2,-0.03469574609689531
34.300000000000004,-0.034730856900254924
34.4,-0.03476561729653825
34.5,-0.034797526010097835
34.6,-0.03482861284091072
34.7,-0.03485894262939975
34.800000000000004,-0.03489143359155579
34.9,-0.03492461097077221
35.0,-0.034958997848349035
35.1,-0.034999529395386676
35.2,-0.035032958816465294
35.300000000000004,-0.03506615196457921
35.4,-0.035099217980432355
35.5,-0.035132336221242545
35.6,-0.03516448298914399
35.7,-0.035192872656885754
35.800000000000004,-0.035218322518300774
35.9,-0.03525678807113242
36.0,-0.03528476214824819
36.1,-0.035319077347332306
36.2,-0.035348593824373276
36.300000000000004,-0.03537669930558651
36.4,-0.03540951703719566
36.5,-0.035439691192957035
36.6,-0.03547003791177372
36.7,-0.03550369452748575
36.800000000000004,-0.035537355574754556
36.9,-0.03557498488330642
37.0,-0.03560958357289253
37.1,-0.03564404264116576
37.2,-0.035676426295894445
37.300000000000004,-0.035713086175792275
37.4,-0.0357480838080036
37.5,-0.035779977563565775
37.6,-0.03581189682823058
37.7,-0.03584109249607383
37.800000000000004,-0.03587202384960631
37.9,-0.03590632484489513
38.0,-0.03593613313938988
38.1,-0.03596847130695139
38.2,-0.036001887002642605
38.300000000000004,-0.03603240410207984
38.400000000000006,-0.036061602956262415
38.5,-0.03609318125399337
38.6,-0.036126117887252916
38.7,-0.036162393466503906
38.800000000000004,-0.03619616114645977
38.900000000000006,-0.03622566836430925
39.0,-0.036256705742227856
39.1,-0.036290343469662784
39.2,-0.03632797949880497
39.300000000000004,-0.03636484092062648
39.400000000000006,-0.036400078238196895
39.5,-0.03643301819811891
39.6,-0.036458026757038506
39.7,-0.03648895761298282
39.800000000000004,-0.036523455123760575
39.900000000000006,-0.03655533965104283
40.0,-0.03658550568565128
40.1,-0.03662141919888107
40.2,-0.03665726290603365
40.300000000000004,-0.0366956583753243
40.400000000000006,-0.03672783277764567
40.5,-0.03675946619560905
40.6,-0.03679291071721986
40.7,-0.036825451558307055
40.800000000000004,-0.03685892261064291
40.900000000000006,-0.03689539700144543
41.0,-0.03693343150836677
41.1,-0.03696872636459621
41.2,-0.03700312938254937
41.300000000000004,-0.03703140102078154
41.400000000000006,-0.037062685969992036
41.5,-0.0370965730301963
41.6,-0.03713316248339895
41.7,-0.03716807143174326
41.800000000000004,-0.03720259623053421
41.900000000000006,-0.037238734898068795
42.0,-0.03726894679389552
42.1,-0.03730109643852523
42.2,-0.03733364686728304
42.300000000000004,-0.03736300878009324
42.400000000000006,-0.037399302280489176
42.5,-0.037436241108485833
42.6,-0.037472508451700325
42.7,-0.037509529632801616
42.800000000000004,-0.03754069561612461
42.900000000000006,-0.03757841915220068
43.0,-0.03761199133678393
43.1,-0.03764992659515547
43.2,-0.03768483386534576
43.300000000000004,-0.037717494197191274
43.400000000000006,-0.03774965664800579
43.5,-0.03777638980362441
43.6,-0.03781218716420099
43.7,-0.03784744771242616
43.800000000000004,-0.03787611871392389
43.900000000000006,-0.03791143649159273
44.0,-0.037950150363763945
44.1,-0.037982029074701135
44.2,-0.03801844968532346
44.300000000000004,-0.038057375846730655
44.400000000000006,-0.038087435322391415
44.5,-0.0381191207330066
44.6,-0.03815120234241451
44.7,-0.03818528494936583
44.800000000000004,-0.03822120660040646
44.900000000000006,-0.03826015958026748
45.0,-0.03829814120047817
45.1,-0.038338926165879084
45.2,-0.03837306394957617
45.300000000000004,-0.03841119864858303
45.400000000000006,-0.03844327373585804
45.5,-0.03847976368236419
45.6,-0.03851295600595386
45.7,-0.03855536792166146
45.800000000000004,-0.03859308892476067
45.900000000000006,-0.03863325357875318
46.0,-0.03866699405606097
46.1,-0.0387065550799624
46.2,-0.03874393531226706
46.300000000000004,-0.03877677130801524
46.400000000000006,-0.038807041049419656
46.5,-0.03884390169777453
46.6,-0.038881235291465616
46.7,-0.038910147271328924
46.800000000000004,-0.038949631935658896
46.900000000000006,-0.038977483580082885
47.0,-0.03901489709875633
47.1,-0.03905360327423017
47.2,-0.03909175210676082
47.300000000000004,-0.039129625884855114
47.400000000000006,-0.0391650239681648
47.5,-0.0392019317394141
47.6,-0.039242124009678074
47.7,-0.03928396219988341
47.800000000000004,-0.0393176513313607
47.900000000000006,-0.03935373887112283
48.0,-0.03938171815980756
48.1,-0.03941634558312312
48.2,-0.03945072226984399
48.300000000000004,-0.039489432562787766
48.400000000000006,-0.039523024552621105
48.5,-0.03956005500581762
48.6,-0.039599836181727396
48.7,-0.039636996568431476
48.800000000000004,-0.03967534014791295
48.900000000000006,-0.039709712242632395
49.0,-0.03974357641993998
49.1,-0.03978207757058461
49.2,-0.03982065945650992
49.300000000000004,-0.03986419658450859
49.400000000000006,-0.039898385533430704
49.5,-0.03993712141508674
49.6,-0.03997719329566594
49.7,-0.04000769238309328
49.800000000000004,-0.04005117750973384
49.900000000000006,-0.0400908398263169
50.0,-0.04012773696286229
50.1,-0.04015779464090249
50.2,-0.04020440725005097
50.300000000000004,-0.0402415683265861
50.400000000000006,-0.04027920133767701
50.5,-0.040317150901981826
50.6,-0.04034918560709044
50.7,-0.04037940077404822
50.800000000000004,-0.04041739922974348
50.900000000000006,-0.04045912449114528
51.0,-0.04049657857859727
51.1,-0.040529144162389515
51.2,-0.04056570914351155
51.300000000000004,-0.0406091600102643
51.400000000000006,-0.04064489045481359
51.5,-0.040677683528054655
51.6,-0.04071206931512897
51.7,-0.04075007431222345
51.800000000000004,-0.04078651488428833
51.900000000000006,-0.04082151071569966
52.0,-0.0408612310860368
52.1,-0.0408997966020941
52.2,-0.040941739475907464
52.300000000000004,-0.04098307522110453
52.400000000000006,-0.04102044393076462
52.5,-0.04105452111623224
52.6,-0.041094347527969574
52.7,-0.04112934090641765
52.800000000000004,-0.0411712794565471
52.900000000000006,-0.04120831739456263
53.0,-0.04124164006504698
53.1,-0.04128309477671014
53.2,-0.04132110341548633
53.300000000000004,-0.041353562031991316
53.400000000000006,-0.04139416833327694
53.5,-0.041434264289158876
53.6,-0.04146426760620045
53.7,-0.041505627564128525
53.800000000000004,-0.041545098923695546
53.900000000000006,-0.04158478829642101
54.0,-0.041630253111028255
54.1,-0.04166731014641734
54.2,-0.041699173749553266
54.300000000000004,-0.041742053948739775
54.400000000000006,-0.04178387361664036
54.5,-0.04181919725877381
54.6,-0.0418624881830372
54.7,-0.04189623908335773
54.800000000000004,-0.041931810115543755
54.900000000000006,-0.04197361781245544
55.0,-0.04201922954556558
55.1,-0.0420585006398616
55.2,-0.04209540482361423
55.300000000000004,-0.04213421615690144
55.400000000000006,-0.04217134095721055
55.5,-0.04220994099168146
55.6,-0.042250624375424324
55.7,-0.04228768391455312
55.800000000000004,-0.04232452326294447
55.900000000000006,-0.04236283756082398
56.0,-0.04239973826367232
56.1,-0.042439469238574154
56.2,-0.04247223153992151
56.300000000000004,-0.042509674057930553
56.400000000000006,-0.042551633399164644
56.5,-0.042593218777200625
56.6,-0.042641105294631006
56.7,-0.0426774826404898
56.800000000000004,-0.04271676392430086
56.900000000000006,-0.042755520769076544
57.0,-0.04279550211746703
57.1,-0.04283659196010867
57.2,-0.04287810698567512
57.300000000000004,-0.04291621526651136
57.400000000000006,-0.042956228589370454
57.5,-0.04299671450824087
57.6,-0.043030304404249306
57.7,-0.04307059846465114
57.800000000000004,-0.04311113220694098
57.900000000000006,-0.04315508387295101
58.0,-0.0432009062999554
58.1,-0.04323914891846907
58.2,-0.04327656615609215
58.300000000000004,-0.04331498605249491
58.400000000000006,-0.04335792827603286
58.5,-0.0433942324745459
58.6,-0.04343364804494548
58.7,-0.043474936295392265
58.800000000000004,-0.043518478744147056
58.900000000000006,-0.04355642436732176
59.0,-0.04360719406959539
59.1,-0.04364153718956389
59.2,-0.043689205284362646
59.300000000000004,-0.04373175625512868
59.400000000000006,-0.04376754731049012
59.5,-0.0438113021688981
59.6,-0.04385634849169746
59.7,-0.04390059904165795
59.800000000000004,-0.04394176347689556
59.900000000000006,-0.04398166974033312
60.0,-0.04403018443139486
60.1,-0.04407487250453121
60.2,-0.04412058087709801
60.300000000000004,-0.044160066841717305
60.400000000000006,-0.0442063074857937
60.5,-0.044246113051194025
60.6,-0.04428233230582507
60.7,-0.04432287083114168
60.800000000000004,-0.04436998644896802
60.900000000000006,-0.04441478448265107
61.0,-0.04445403287540854
61.1,-0.044493670711129696
61.2,-0.04453274148421384
61.300000000000004,-0.04457907648379249
61.400000000000006,-0.04462100595052039
61.5,-0.0446640344424218
61.6,-0.044702616451614344
61.7,-0.04474903174954321
61.800000000000004,-0.04479270508679866
61.900000000000006,-0.0448337495136312
62.0,-0.04487736493594235
62.1,-0.044917055750086
62.2,-0.044961572922611374
62.300000000000004,-0.04499769540831414
62.400000000000006,-0.045040088042211546
62.5,-0.04508063403871981
62.6,-0.04512565656154762
62.7,-0.04516998464087947
62.800000000000004,-0.04521436339527551
62.900000000000006,-0.045259547373436404
63.0,-0.04530162910544551
63.1,-0.04534628275500685
63.2,-0.045387607182343234
63.300000000000004,-0.045432881903409925
63.400000000000006,-0.04547671303770194
63.5,-0.04551901835972259
63.6,-0.045559993338050324
63.7,-0.0456093542180793
63.800000000000004,-0.04566156648282195
63.900000000000006,-0.045702681256780314
64.0,-0.045748863600303766
64.10000000000001,-0.045795478138660285
64.2,-0.045836234310512196
64.3,-0.0458790567290978
64.4,-0.04592249796071316
64.5,-0.04597158380579048
64.60000000000001,-0.046009598634787645
64.7,-0.046047601951790494
64.8,-0.046096816243843396
64.9,-0.046135405778549944
65.0,-0.04617621155517927
65.10000000000001,-0.046214605008782675
65.2,-0.04625295889089085
65.3,-0.04630253942510451
65.4,-0.0463486285404506
65.5,-0.04639514651858998
65.60000000000001,-0.04644053254641436
65.7,-0.04648476883065853
65.8,-0.046534394427525515
65.9,-0.0465793670115469
66.0,-0.04663107248966719
66.10000000000001,-0.046672748773010406
66.2,-0.04672039771086043
66.3,-0.04676362778673182
66.4,-0.0468082751838943
66.5,-0.046857952780609564
66.60000000000001,-0.046902550183567045
66.7,-0.04695212027931311
66.8,-0.04699888414001955
66.9,-0.04703616927340904
67.0,-0.04708020229834894
67.10000000000001,-0.04712993029552113
67.2,-0.047182860498736524
67.3,-0.047228881992912176
67.4,-0.047281790555029866
67.5,-0.04732706821150922
67.60000000000001,-0.04737388580737886
67.7,-0.04741860045344752
67.8,-0.04746262413768425
67.9,-0.04751860961479178
68.0,-0.04757014719506957
68.10000000000001,-0.047626345439610585
68.2,-0.04767077802083049
68.3,-0.047716214546708616
68.4,-0.047763519694381446
68.5,-0.04780703179184541
68.60000000000001,-0.04785512479289127
68.7,-0.04790417487813759
68.8,-0.04794752948250087
68.9,-0.04799358809783662
69.0,-0.04803862146284772
69.10000000000001,-0.04808886892769624
69.2,-0.04813615326008593
69.3,-0.04818685241309036
69.4,-0.048249335028819916
69.5,-0.04829598495578702
69.60000000000001,-0.048351302864591474
69.7,-0.04840255305810133
69.8,-0.04845866071558168
69.9,-0.048508304650260674
70.0,-0.04855262301957152
70.10000000000001,-0.04860699601327506
70.2,-0.048652293127123686
70.3,-0.04869932832056961
70.4,-0.04874496162719122
70.5,-0.04879743832218112
70.60000000000001,-0.04886422991798121
70.7,-0.04891796849705673
70.8,-0.04896802937711389
70.9,-0.04901833630545916
71.0,-0.0490749952517667
71.10000000000001,-0.04912127882671208
71.2,-0.04917345611893113
71.3,-0.049212987046212
71.4,-0.049263911654793435
71.5,-0.049315246884722164
71.60000000000001,-0.049363202972956044
71.7,-0.049418912334989636
71.8,-0.04946386440380327
71.9,-0.04951432538781615
72.0,-0.04956158794893118
72.10000000000001,-0.04962406231280804
72.2,-0.04967290662834161
72.3,-0.049729859529083945
72.4,-0.04978389231464419
72.5,-0.04983944236889605
72.60000000000001,-0.049887829393493004
72.7,-0.04994153007150932
72.8,-0.049991987793438435
72.9,-0.05005029652524372
73.0,-0.05010715020712605
73.10000000000001,-0.05015797424207331
73.2,-0.05021524924913833
73.3,-0.05026483586900811
73.4,-0.050315608611946575
73.5,-0.05038365329074215
73.60000000000001,-0.050436632362452216
73.7,-0.05048564968660139
73.8,-0.050539402301648766
73.9,-0.05060110910167192
74.0,-0.05064974854451983
74.10000000000001,-0.05071379611121248
74.2,-0.05076683814890211
74.3,-0.050817637832972724
74.4,-0.05087063165794926
74.5,-0.05093172236618124
74.60000000000001,-0.05097694597295826
74.7,-0.051034984050625946
74.8,-0.0510875002017919
74.9,-0.05114367994144681
75.0,-0.05119443642632784
75.10000000000001,-0.051244292799340126
75.2,-0.051300091092185834
75.3,-0.051360567394240234
75.4,-0.05142648587003366
75.5,-0.05148909239585715
75.60000000000001,-0.051541919457648265
75.7,-0.051597446850989596
75.8,-0.05164489003805186
75.9,-0.05169465752299516
76.0,-0.05174864561246332
76.10000000000001,-0.051802491829722686
76.2,-0.05185962413971512
76.3,-0.05191973597670878
76.4,-0.0519777892968723
76.5,-0.05203203634646017
76.60000000000001,-0.05209881678084166
76.7,-0.05216851660196099
76.80000000000001,-0.052230211802397626
76.9,-0.052292897511929996
77.0,-0.052357368589888355
77.10000000000001,-0.052414627355886444
77.2,-0.052473795230074054
77.30000000000001,-0.05252609901429489
77.4,-0.05258666566761513
77.5,-0.052643778558194014
77.60000000000001,-0.052707650469061076
77.7,-0.052767039034310834
77.80000000000001,-0.05281810363223859
77.9,-0.05288492619553649
78.0,-0.05294929258531859
78.10000000000001,-0.053008659577251434
78.2,-0.05307532633205936
78.30000000000001,-0.05313914246353385
78.4,-0.05320121714548564
78.5,-0.053255910193136566
78.60000000000001,-0.05331428818094342
78.7,-0.05337964815138453
78.80000000000001,-0.05344533669141752
78.9,-0.05351479679792404
79.0,-0.053572313473041935
79.10000000000001,-0.05362851075082192
79.2,-0.05368438241160516
79.30000000000001,-0.053749474302843304
79.4,-0.05380536323635731
79.5,-0.05388177020300493
79.60000000000001,-0.053946836265210046
79.7,-0.054025537212986675
79.80000000000001,-0.054090161421605464
79.9,-0.05415470638133343
80.0,-0.0542147293537737
80.10000000000001,-0.0542775197694456
80.2,-0.054341086860267646
80.30000000000001,-0.05440089089694773
80.4,-0.054480864462377855
80.5,-0.05455052685228686
80.60000000000001,-0.05460962250833253
80.7,-0.054693994454466634
80.80000000000001,-0.05476857084936671
80.9,-0.05483036336695715
81.0,-0.054900930373721665
81.10000000000001,-0.054973478263916555
81.2,-0.0550286740504878
81.30000000000001,-0.05508701745172168
81.4,-0.05516638149554812
81.5,-0.05523509326096655
81.60000000000001,-0.05530020933321888
81.7,-0.05536400205038008
81.80000000000001,-0.05543829034032249
81.9,-0.055514616805254643
82.0,-0.05559005160419879
82.10000000000001,-0.05566411423547587
82.2,-0.05573599062874001
82.30000000000001,-0.055806387891639775
82.4,-0.0558772689429336
82.5,-0.05594286783308886
82.60000000000001,-0.05602741699436622
82.7,-0.05609862666297061
82.80000000000001,-0.056163954252864266
82.9,-0.0562307293107058
83.0,-0.05630108716991596
83.10000000000001,-0.056375295855593574
83.2,-0.05645101559290326
83.30000000000001,-0.056526728613594736
83.4,-0.05659854924529759
83.5,-0.05669106361948618
83.60000000000001,-0.05676411505560197
83.7,-0.05683839263113096
83.80000000000001,-0.05691621059192624
83.9,-0.056986242645896294
84.0,-0.057060111314865464
84.10000000000001,-0.05713464518534344
84.2,-0.05720692017633573
84.30000000000001,-0.05729685037241896
84.4,-0.05738490401823465
84.5,-0.05745915452628103
84.60000000000001,-0.0575468030068097
84.7,-0.05762780813306361
84.80000000000001,-0.05771148177622557
84.9,-0.05780391721484038
85.0,-0.05788126135415242
85.10000000000001,-0.05795902755827131
85.2,-0.058038197869140135
85.30000000000001,-0.058114295170312816
85.4,-0.05821561604716641
85.5,-0.05830508519199907
85.60000000000001,-0.05839139687145102
85.7,-0.058478923067729324
85.80000000000001,-0.05856112055819313
85.9,-0.058643940619911496
86.0,-0.058721396711069185
86.10000000000001,-0.058814692833051956
86.2,-0.0588972253371897
86.30000000000001,-0.05899963211204715
86.4,-0.059096745396728316
86.5,-0.05919873316338541
86.60000000000001,-0.0592934295860536
86.7,-0.05938007270060376
86.80000000000001,-0.05947304767156488
86.9,-0.05956320071309224
87.0,-0.05964694979037155
87.10000000000001,-0.0597536543496044
87.2,-0.059850221281629194
87.30000000000001,-0.05995246013142537
87.4,-0.06007716001726733
87.5,-0.06017738566182683
87.60000000000001,-0.060281214709498675
87.7,-0.060388204970868165
87.80000000000001,-0.06048610582535259
87.9,-0.06058590780628474
88.0,-0.06069210909328362
88.10000000000001,-0.06078786862159564
88.2,-0.06087927473170356
88.30000000000001,-0.060983204003863416
88.4,-0.061090341314812266
88.5,-0.06118680850559041
88.60000000000001,-0.061303675971807886
88.7,-0.06141548457327094
88.80000000000001,-0.06152683113669191
88.9,-0.06162845575641697
89.0,-0.06174008178410472
89.10000000000001,-0.06184419532233043
89.2,-0.061949223078157374
89.30000000000001,-0.062036399029636556
89.4,-0.06214846432432119
89.5,-0.06226463367922363
89.60000000000001,-0.06237444004903988
89.7,-0.06249039374181249
89.80000000000001,-0.06259473391642825
89.9,-0.0627134314702144
90.0,-0.06286143072440631
90.10000000000001,-0.062985465144199
90.2,-0.06311693246118036
90.30000000000001,-0.06323588587381582
90.4,-0.06334913736464705
90.5,-0.06347522913286195
90.60000000000001,-0.06360876304583217
90.7,-0.06374633890845574
90.80000000000001,-0.06386799579395563
90.9,-0.0640052209432091
91.0,-0.06412903359110042
91.10000000000001,-0.06423688977992481
91.2,-0.06439517544176353
91.30000000000001,-0.06453436033624403
91.4,-0.06467257748360836
91.5,-0.06481974770258479
91.60000000000001,-0.06497610082536755
91.7,-0.06513973071760495
91.80000000000001,-0.06528548387766332
91.9,-0.06543393603343008
92.0,-0.06557311705032302
92.10000000000001,-0.06573096562850707
92.2,-0.06586378018658012
92.30000000000001,-0.06602249503162795
92.4,-0.06618264973304085
92.5,-0.06633660655863886
92.60000000000001,-0.0665017546026439
92.7,-0.06665858462574986
92.80000000000001,-0.0668563909484277
92.9,-0.06698913687880752
93.0,-0.06717381536674873
93.10000000000001,-0.06735095439788864
93.2,-0.06754322962471067
93.30000000000001,-0.0677138099112415
93.4,-0.0679015283595749
93.5,-0.06810512591661567
93.60000000000001,-0.0682958192272706
93.7,-0.06851286296160455
93.80000000000001,-0.06874591491195803
93.9,-0.06894519229843599
94.0,-0.06914254067198226
94.10000000000001,-0.06939200275405369
94.2,-0.06960199365465292
94.30000000000001,-0.06983943137369968
94.4,-0.07009524211873917
94.5,-0.07032305577127317
94.60000000000001,-0.0705525519509787
94.7,-0.0707853126430459
94.80000000000001,-0.07101703391353946
94.9,-0.07124817068122269
95.0,-0.07151957285556387
95.10000000000001,-0.07176502418529326
95.2,-0.07206660791085115
95.30000000000001,-0.0723650122652784
95.4,-0.07261821008271951
95.5,-0.07286126172380568
95.60000000000001,-0.07310697716230448
95.7,-0.07343749663258355
95.80000000000001,-0.07372514398927403
95.9,-0.07405231384631031
96.0,-0.07429920746228054
96.10000000000001,-0.07459593374297091
96.2,-0.07492981379955028
96.30000000000001,-0.07529812698080601
96.4,-0.07567292001656142
96.5,-0.07604949740248587
96.60000000000001,-0.07644575095918608
96.7,-0.07686141087471489
96.80000000000001,-0.07721492949335702
96.9,-0.07757285344975717
97.0,-0.07798297029330079
97.10000000000001,-0.07834584877512929
97.2,-0.07873543223914997
97.30000000000001,-0.07926647729390306
97.4,-0.07966157935156724
97.5,-0.08015912809999437
97.60000000000001,-0.08075296301568057
97.7,-0.08122444917175367
97.80000000000001,-0.08180578029597932
97.9,-0.08239936870655591
98.0,-0.08296946067338135
98.10000000000001,-0.08350985865388241
98.2,-0.08405932621520198
98.30000000000001,-0.08465466754343669
98.4,-0.08535612824800318
98.5,-0.08601292899379137
98.60000000000001,-0.08669712686320247
98.7,-0.08739925649705182
98.80000000000001,-0.08823902105889919
98.9,-0.08906333234376156
99.0,-0.08993909050377329
99.10000000000001,-0.09094168349706211
99.2,-0.0918938255873699
99.30000000000001,-0.09305425473968396
99.4,-0.09439762390710008
99.5,-0.09574990947737112
99.60000000000001,-0.09706020946655902
99.7,-0.09907567542965158
99.80000000000001,-0.10152171406282587
99.9,-0.10490445492794104
100.0,-0.11996699502480511
