변수명,계열,계산식,필요 과거 기간,평균 IC,IC IR,안정성,추천 등급,비고,단위
ret_1,수익률·모멘텀,Close[t] / Close[t-1] - 1,1,-0.0503,-0.302,"전반 -0.050 / 후반 -0.050, 월 부호 일치 89%, t=-2.3",검토,대표: close_loc_1; 변동성 통제 IR -0.40; 모양: U자(양 끝이 위험),종목
ret_5,수익률·모멘텀,Close[t] / Close[t-5] - 1,5,-0.0722,-0.434,"전반 -0.057 / 후반 -0.087, 월 부호 일치 89%, t=-4.5",검토,대표: excess_ret_5; 변동성 통제 IR -0.45; 모양: U자(양 끝이 위험),종목
ret_20,수익률·모멘텀,Close[t] / Close[t-20] - 1,20,-0.1117,-0.612,"전반 -0.066 / 후반 -0.158, 월 부호 일치 81%, t=-7.1",검토,대표: downside_ratio_20; 변동성 통제 IR -0.37; 모양: U자(양 끝이 위험),종목
ret_60,수익률·모멘텀,Close[t] / Close[t-60] - 1,60,-0.136,-0.714,"전반 -0.074 / 후반 -0.198, 월 부호 일치 89%, t=-7.3",검토,대표: dist_low_60; 변동성 통제 IR -0.37; 모양: 비단조·약함,종목
ma_gap_5,수익률·모멘텀,Close[t] / mean(Close[t-4..t]) - 1,4,-0.0666,-0.401,"전반 -0.057 / 후반 -0.076, 월 부호 일치 85%, t=-3.9",검토,대표: excess_ret_5; 변동성 통제 IR -0.48; 모양: U자(양 끝이 위험),종목
ma_gap_20,수익률·모멘텀,Close[t] / mean(Close[t-19..t]) - 1,19,-0.1058,-0.585,"전반 -0.065 / 후반 -0.146, 월 부호 일치 89%, t=-6.7",검토,대표: pos_20; 변동성 통제 IR -0.49; 모양: U자(양 끝이 위험),종목
ma_gap_60,수익률·모멘텀,Close[t] / mean(Close[t-59..t]) - 1,59,-0.1355,-0.718,"전반 -0.073 / 후반 -0.198, 월 부호 일치 85%, t=-7.7",검토,대표: dist_low_60; 변동성 통제 IR -0.39; 모양: U자(양 끝이 위험),종목
ret_20_skip5,수익률·모멘텀,Close[t-5] / Close[t-20] - 1 (최근 5일 제외 모멘텀),20,-0.0766,-0.426,"전반 -0.035 / 후반 -0.119, 월 부호 일치 74%, t=-4.6",검토,대표: downside_ratio_20; 변동성 통제 IR -0.15; 모양: U자(양 끝이 위험),종목
vol_5,변동성,std(log수익률[t-4..t]),5,-0.2437,-1.621,"전반 -0.250 / 후반 -0.237, 월 부호 일치 100%, t=-17.4",강력 추천,변동성 통제 IR -0.76; 모양: 단조 감소,종목
vol_20,변동성,std(log수익률[t-19..t]),20,-0.3054,-1.699,"전반 -0.322 / 후반 -0.288, 월 부호 일치 100%, t=-17.3",검토,대표: gk_5; 모양: 단조 감소,종목
vol_60,변동성,std(log수익률[t-59..t]),60,-0.3123,-1.521,"전반 -0.334 / 후반 -0.291, 월 부호 일치 100%, t=-15.8",검토,대표: gk_5; 변동성 통제 IR -0.87; 모양: 단조 감소,종목
parkinson_5,변동성,"sqrt(mean(ln(H/L)^2 / 4ln2)), 5일",4,-0.3215,-2.045,"전반 -0.327 / 후반 -0.316, 월 부호 일치 100%, t=-20.8",검토,고가·저가 보정값 사용; 대표: gk_5; 변동성 통제 IR -1.53; 모양: 단조 감소,종목
gk_5,변동성,"Garman-Klass: sqrt(mean(0.5 ln(H/L)^2 - (2ln2-1) ln(C/O)^2)), 5일",4,-0.3257,-2.074,"전반 -0.332 / 후반 -0.320, 월 부호 일치 100%, t=-21.2",강력 추천,고가·저가 보정값 사용; 변동성 통제 IR -1.63; 모양: 단조 감소,종목
parkinson_20,변동성,"sqrt(mean(ln(H/L)^2 / 4ln2)), 20일",19,-0.3346,-1.932,"전반 -0.347 / 후반 -0.322, 월 부호 일치 100%, t=-19.5",검토,고가·저가 보정값 사용; 대표: gk_5; 변동성 통제 IR -1.58; 모양: 단조 감소,종목
gk_20,변동성,"Garman-Klass: sqrt(mean(0.5 ln(H/L)^2 - (2ln2-1) ln(C/O)^2)), 20일",19,-0.3361,-1.943,"전반 -0.347 / 후반 -0.325, 월 부호 일치 100%, t=-19.6",검토,고가·저가 보정값 사용; 대표: gk_5; 변동성 통제 IR -1.61; 모양: 단조 감소,종목
vol_ratio_5_20,변동성,vol_5 / vol_20 (변동성 변화),20,-0.0315,-0.302,"전반 -0.031 / 후반 -0.032, 월 부호 일치 85%, t=-3.3",검토,변동성 통제 IR -0.49; 모양: 비단조·약함,종목
vol_ratio_20_60,변동성,vol_20 / vol_60 (변동성 변화),60,-0.0638,-0.533,"전반 -0.053 / 후반 -0.075, 월 부호 일치 78%, t=-5.2",검토,변동성 통제 IR 0.64; 모양: 단조 감소,종목
vol_chg_20,변동성,vol_20[t] / vol_20[t-20] - 1,40,-0.0493,-0.426,"전반 -0.041 / 후반 -0.057, 월 부호 일치 78%, t=-4.6",검토,대표: vol_ratio_20_60; 변동성 통제 IR 0.62; 모양: 단조 감소,종목
semidev_20,하방 특성,"sqrt(mean(min(log수익률,0)^2)), 20일",20,-0.2264,-1.186,"전반 -0.252 / 후반 -0.201, 월 부호 일치 100%, t=-12.6",검토,대표: min_intra_drop_20; 변동성 통제 IR 0.05; 모양: 단조 감소,종목
downside_ratio_20,하방 특성,semidev_20 / vol_20,20,0.1211,0.799,"전반 0.094 / 후반 0.148, 월 부호 일치 89%, t=8.4",강력 추천,변동성 통제 IR 0.36; 모양: 단조 증가,종목
skew_20,하방 특성,"왜도(log수익률, 20일)",20,-0.0841,-0.858,"전반 -0.083 / 후반 -0.085, 월 부호 일치 96%, t=-8.3",강력 추천,변동성 통제 IR -0.31; 모양: 단조 감소,종목
kurt_20,하방 특성,"초과 첨도(log수익률, 20일)",20,-0.0092,-0.103,"전반 0.002 / 후반 -0.021, 월 부호 일치 59%, t=-0.4",제외,변동성 통제 IR 0.58; 모양: 비단조·약함,종목
min_ret_20,하방 특성,min(일간 수익률[t-19..t]),20,0.2006,1.17,"전반 0.222 / 후반 0.179, 월 부호 일치 100%, t=12.2",검토,대표: min_intra_drop_20; 변동성 통제 IR -0.19; 모양: 단조 증가,종목
n_down3_20,하방 특성,최근 20일 중 일간 수익률 ≤ -3%인 날의 비율,20,-0.203,-1.124,"전반 -0.237 / 후반 -0.169, 월 부호 일치 100%, t=-12.0",검토,대표: min_intra_drop_20; 변동성 통제 IR -0.02; 모양: 단조 감소,종목
semidev_60,하방 특성,"sqrt(mean(min(log수익률,0)^2)), 60일",60,-0.2597,-1.22,"전반 -0.290 / 후반 -0.229, 월 부호 일치 100%, t=-12.8",검토,대표: n_down3_60; 변동성 통제 IR -0.50; 모양: 단조 감소,종목
downside_ratio_60,하방 특성,semidev_60 / vol_60,60,0.1514,1.082,"전반 0.122 / 후반 0.180, 월 부호 일치 100%, t=10.3",검토,대표: dist_low_60; 변동성 통제 IR 0.50; 모양: 단조 증가,종목
skew_60,하방 특성,"왜도(log수익률, 60일)",60,-0.1182,-1.285,"전반 -0.116 / 후반 -0.121, 월 부호 일치 100%, t=-12.1",강력 추천,변동성 통제 IR -0.57; 모양: 단조 감소,종목
kurt_60,하방 특성,"초과 첨도(log수익률, 60일)",60,-0.0044,-0.05,"전반 0.002 / 후반 -0.010, 월 부호 일치 63%, t=-0.7",제외,변동성 통제 IR 0.22; 모양: 비단조·약함,종목
min_ret_60,하방 특성,min(일간 수익률[t-59..t]),60,0.2048,1.176,"전반 0.229 / 후반 0.181, 월 부호 일치 100%, t=12.8",검토,대표: n_down3_60; 변동성 통제 IR 0.37; 모양: 단조 증가,종목
n_down3_60,하방 특성,최근 60일 중 일간 수익률 ≤ -3%인 날의 비율,60,-0.2536,-1.235,"전반 -0.287 / 후반 -0.220, 월 부호 일치 100%, t=-12.8",강력 추천,변동성 통제 IR -0.50; 모양: 단조 감소,종목
past_mdd_5,하방 특성,min(Low[t-4..t]) / Close[t-5] - 1 (= t-5일의 타깃),5,0.099,0.624,"전반 0.113 / 후반 0.085, 월 부호 일치 96%, t=6.5",강력 추천,저가 보정값 사용; 변동성 통제 IR 0.17; 모양: 비단조·약함,종목
past_mdd_20,하방 특성,Close[t-19..t] 경로의 고점 대비 최대 낙폭,19,0.1544,0.836,"전반 0.183 / 후반 0.125, 월 부호 일치 96%, t=8.9",검토,대표: min_intra_drop_20; 변동성 통제 IR -0.05; 모양: 단조 증가,종목
past_mdd_60,하방 특성,Close[t-59..t] 경로의 고점 대비 최대 낙폭,59,0.1668,0.889,"전반 0.203 / 후반 0.131, 월 부호 일치 100%, t=9.3",강력 추천,변동성 통제 IR 0.34; 모양: 단조 증가,종목
min_intra_drop_20,하방 특성,"min(Low / 전일 Close - 1), 20일",20,0.2324,1.331,"전반 0.244 / 후반 0.221, 월 부호 일치 100%, t=13.7",강력 추천,저가 보정값 사용; 변동성 통제 IR 0.12; 모양: 단조 증가,종목
pos_60,가격 위치,(Close - min Low60) / (max High60 - min Low60),59,-0.123,-0.708,"전반 -0.076 / 후반 -0.170, 월 부호 일치 93%, t=-7.6",검토,52주 대신 60일; 대표: dist_low_60; 변동성 통제 IR -0.42; 모양: 단조 감소,종목
dist_high_60,가격 위치,Close / max(High[t-59..t]) - 1,59,0.0434,0.231,"전반 0.090 / 후반 -0.003, 월 부호 일치 67%, t=2.4",제외,대표: past_mdd_60; 변동성 통제 IR -0.02; 모양: U자(양 끝이 위험),종목
dist_low_60,가격 위치,Close / min(Low[t-59..t]) - 1,59,-0.2535,-1.573,"전반 -0.237 / 후반 -0.270, 월 부호 일치 100%, t=-15.5",강력 추천,변동성 통제 IR -0.82; 모양: 단조 감소,종목
days_since_high_60,가격 위치,60일 종가 최고점 이후 경과 거래일(0~59),59,0.0947,0.631,"전반 0.066 / 후반 0.123, 월 부호 일치 89%, t=6.4",강력 추천,변동성 통제 IR 0.16; 모양: 단조 증가,종목
pos_20,가격 위치,(Close - min Low20) / (max High20 - min Low20),19,-0.1041,-0.637,"전반 -0.076 / 후반 -0.132, 월 부호 일치 89%, t=-7.1",강력 추천,변동성 통제 IR -0.60; 모양: 단조 감소,종목
log_value_20,거래·유동성,"mean(ln(거래대금)), 20일 (규모·유동성)",19,-0.1044,-0.567,"전반 -0.111 / 후반 -0.098, 월 부호 일치 93%, t=-5.6",강력 추천,KRX 실제 거래대금; 변동성 통제 IR 0.11; 모양: 단조 감소,종목
log_mcap,거래·유동성,ln(원주가 종가 × 그날 상장주식수),0,-0.0065,-0.04,"전반 0.008 / 후반 -0.021, 월 부호 일치 44%, t=-0.8",제외,KRX 일봉의 listed_shares(시점별 값); 대표: log_value_20; 변동성 통제 IR 0.25; 모양: 비단조·약함,종목
turnover_20,거래·유동성,"mean(원 거래량 / 상장주식수), 20일",19,-0.2159,-1.237,"전반 -0.230 / 후반 -0.202, 월 부호 일치 100%, t=-11.2",강력 추천,변동성 통제 IR -0.39; 모양: 단조 감소,종목
turnover_ratio_5_60,거래·유동성,"mean(회전율, 5일) / mean(회전율, 60일)",59,-0.0553,-0.43,"전반 -0.049 / 후반 -0.062, 월 부호 일치 74%, t=-4.5",검토,변동성 통제 IR -0.16; 모양: U자(양 끝이 위험),종목
value_ratio_1_20,거래·유동성,"mean(거래대금, 1일) / mean(거래대금, 20일)",19,-0.0358,-0.286,"전반 -0.027 / 후반 -0.045, 월 부호 일치 85%, t=-4.0",검토,대표: volume_z_20; 변동성 통제 IR -0.58; 모양: U자(양 끝이 위험),종목
value_ratio_5_20,거래·유동성,"mean(거래대금, 5일) / mean(거래대금, 20일)",19,-0.0434,-0.352,"전반 -0.036 / 후반 -0.051, 월 부호 일치 81%, t=-4.0",검토,대표: turnover_ratio_5_60; 변동성 통제 IR -0.49; 모양: 비단조·약함,종목
value_ratio_20_60,거래·유동성,"mean(거래대금, 20일) / mean(거래대금, 60일)",59,-0.0676,-0.422,"전반 -0.040 / 후반 -0.095, 월 부호 일치 85%, t=-3.9",검토,변동성 통제 IR 0.20; 모양: U자(양 끝이 위험),종목
volume_z_20,거래·유동성,(Volume - mean20) / std20,19,-0.0431,-0.354,"전반 -0.038 / 후반 -0.049, 월 부호 일치 93%, t=-5.0",검토,변동성 통제 IR -0.45; 모양: 단조 감소,종목
amihud_20,거래·유동성,"mean(|수익률| / 거래대금 × 1e9), 20일",20,0.0243,0.145,"전반 0.021 / 후반 0.028, 월 부호 일치 52%, t=1.5",제외,대표: log_value_20; 변동성 통제 IR -0.22; 모양: 단조 증가,종목
zero_vol_20,거래·유동성,최근 20일 중 거래정지일의 비율,19,-0.0207,-0.259,"전반 -0.031 / 후반 -0.008, 월 부호 일치 37%, t=-3.0",검토,변동성 통제 IR 0.53; 모양: 단조 감소,종목
range_1,캔들,(High - Low) / Close,0,-0.2727,-1.915,"전반 -0.272 / 후반 -0.273, 월 부호 일치 100%, t=-20.2",강력 추천,고가·저가 보정값 사용; 변동성 통제 IR -1.23; 모양: 단조 감소,종목
range_5,캔들,"mean((High - Low) / Close), 5일",4,-0.3269,-2.048,"전반 -0.333 / 후반 -0.321, 월 부호 일치 100%, t=-20.8",검토,대표: gk_5; 변동성 통제 IR -1.60; 모양: 단조 감소,종목
range_20,캔들,"mean((High - Low) / Close), 20일",19,-0.3393,-1.913,"전반 -0.352 / 후반 -0.327, 월 부호 일치 100%, t=-19.2",검토,대표: gk_5; 변동성 통제 IR -1.63; 모양: 단조 감소,종목
gap_1,캔들,Open / 전일 Close - 1,1,-0.0295,-0.183,"전반 -0.024 / 후반 -0.035, 월 부호 일치 81%, t=-1.4",제외,변동성 통제 IR -0.11; 모양: U자(양 끝이 위험),종목
upper_shadow_1,캔들,"(High - max(O,C)) / (High - Low)",0,0.0194,0.161,"전반 0.014 / 후반 0.025, 월 부호 일치 89%, t=0.1",제외,변동성 통제 IR 0.20; 모양: 역U자(양 끝이 안전),종목
lower_shadow_1,캔들,"(min(O,C) - Low) / (High - Low)",0,-0.0189,-0.162,"전반 -0.021 / 후반 -0.017, 월 부호 일치 78%, t=-2.3",제외,변동성 통제 IR -0.26; 모양: 비단조·약함,종목
body_1,캔들,(Close - Open) / (High - Low),0,-0.0466,-0.311,"전반 -0.049 / 후반 -0.044, 월 부호 일치 93%, t=-2.8",검토,대표: close_loc_1; 변동성 통제 IR -0.44; 모양: 단조 감소,종목
close_loc_1,캔들,(Close - Low) / (High - Low) (일중 종가 위치),0,-0.056,-0.39,"전반 -0.055 / 후반 -0.057, 월 부호 일치 96%, t=-3.2",검토,변동성 통제 IR -0.55; 모양: 단조 감소,종목
lower_shadow_5,캔들,"mean(lower_shadow_1), 5일",4,0.0024,0.02,"전반 0.020 / 후반 -0.015, 월 부호 일치 48%, t=0.4",제외,변동성 통제 IR -0.19; 모양: 비단조·약함,종목
upper_shadow_5,캔들,"mean(upper_shadow_1), 5일",4,0.0095,0.086,"전반 -0.004 / 후반 0.024, 월 부호 일치 56%, t=0.5",제외,변동성 통제 IR 0.05; 모양: 역U자(양 끝이 안전),종목
mkt_ret_1,시장,KOSPI Close[t] / Close[t-1] - 1,1,0.0438,,전반 0.127 / 후반 -0.139,제외,"날짜 공통; 시계열 평가(IC 칸 = 겹치지 않는 표본 Spearman ρ, IR 칸 비움); p=0.653; 대표: breadth_adv_1",날짜 공통
mkt_ret_5,시장,KOSPI Close[t] / Close[t-5] - 1,5,0.0573,,전반 0.203 / 후반 -0.171,제외,"날짜 공통; 시계열 평가(IC 칸 = 겹치지 않는 표본 Spearman ρ, IR 칸 비움); p=0.556",날짜 공통
mkt_ret_20,시장,KOSPI Close[t] / Close[t-20] - 1,20,-0.1925,,전반 -0.193 / 후반 -0.390,검토,"날짜 공통; 시계열 평가(IC 칸 = 겹치지 않는 표본 Spearman ρ, IR 칸 비움); p=0.046",날짜 공통
mkt_ret_60,시장,KOSPI Close[t] / Close[t-60] - 1,60,-0.179,,전반 -0.122 / 후반 -0.542,검토,"날짜 공통; 시계열 평가(IC 칸 = 겹치지 않는 표본 Spearman ρ, IR 칸 비움); p=0.064",날짜 공통
mkt_vol_5,시장,"std(KOSPI log수익률), 5일",5,0.0061,,전반 0.118 / 후반 -0.166,제외,"날짜 공통; 시계열 평가(IC 칸 = 겹치지 않는 표본 Spearman ρ, IR 칸 비움); p=0.950; 대표: mkt_vol_ratio_5_60",날짜 공통
mkt_vol_20,시장,"std(KOSPI log수익률), 20일",20,-0.0178,,전반 0.266 / 후반 -0.259,제외,"날짜 공통; 시계열 평가(IC 칸 = 겹치지 않는 표본 Spearman ρ, IR 칸 비움); p=0.855; 대표: mkt_vol_60",날짜 공통
mkt_vol_60,시장,"std(KOSPI log수익률), 60일",60,-0.0237,,전반 0.218 / 후반 -0.230,제외,"날짜 공통; 시계열 평가(IC 칸 = 겹치지 않는 표본 Spearman ρ, IR 칸 비움); p=0.808",날짜 공통
mkt_vol_ratio_5_60,시장,mkt_vol_5 / mkt_vol_60,60,0.0766,,전반 0.043 / 후반 0.035,제외,"날짜 공통; 시계열 평가(IC 칸 = 겹치지 않는 표본 Spearman ρ, IR 칸 비움); p=0.431",날짜 공통
mkt_range_1,시장,KOSPI (High - Low) / Close,0,-0.1013,,전반 -0.111 / 후반 -0.216,제외,"날짜 공통; 시계열 평가(IC 칸 = 겹치지 않는 표본 Spearman ρ, IR 칸 비움); p=0.297",날짜 공통
mkt_range_5,시장,"mean(mkt_range_1), 5일",4,-0.0241,,전반 0.105 / 후반 -0.261,제외,"날짜 공통; 시계열 평가(IC 칸 = 겹치지 않는 표본 Spearman ρ, IR 칸 비움); p=0.804; 대표: mkt_range_1",날짜 공통
mkt_mdd_20,시장,KOSPI 20일 종가 경로 최대 낙폭,19,-0.0431,,전반 -0.297 / 후반 0.085,제외,"날짜 공통; 시계열 평가(IC 칸 = 겹치지 않는 표본 Spearman ρ, IR 칸 비움); p=0.658",날짜 공통
mkt_dist_high_60,시장,"KOSPI Close / max(High, 60일) - 1",59,-0.0374,,전반 -0.110 / 후반 -0.055,제외,"날짜 공통; 시계열 평가(IC 칸 = 겹치지 않는 표본 Spearman ρ, IR 칸 비움); p=0.701; 대표: mkt_ret_20",날짜 공통
mkt_ma_gap_20,시장,KOSPI Close / MA20 - 1,19,-0.1067,,전반 -0.061 / 후반 -0.287,제외,"날짜 공통; 시계열 평가(IC 칸 = 겹치지 않는 표본 Spearman ρ, IR 칸 비움); p=0.272; 대표: mkt_ret_20",날짜 공통
mkt_gap_1,시장,KOSPI Open / 전일 Close - 1,1,0.0227,,전반 0.069 / 후반 -0.080,제외,"날짜 공통; 시계열 평가(IC 칸 = 겹치지 않는 표본 Spearman ρ, IR 칸 비움); p=0.815",날짜 공통
kosdaq_ret_5,시장,KOSDAQ 5일 수익률,5,0.0692,,전반 0.251 / 후반 -0.010,제외,"날짜 공통; 시계열 평가(IC 칸 = 겹치지 않는 표본 Spearman ρ, IR 칸 비움); p=0.477; 대표: breadth_adv_5",날짜 공통
bond3y_chg_20,시장,국고채 3년 금리 20일 변화(%p),20,-0.0815,,전반 -0.075 / 후반 -0.142,제외,"날짜 공통; 시계열 평가(IC 칸 = 겹치지 않는 표본 Spearman ρ, IR 칸 비움); p=0.402",날짜 공통
term_spread,시장,국고채 10년 - 3년 금리(%p),0,-0.0154,,전반 0.083 / 후반 0.012,제외,"날짜 공통; 시계열 평가(IC 칸 = 겹치지 않는 표본 Spearman ρ, IR 칸 비움); p=0.874",날짜 공통
mkt_foreigner_net_1,시장 수급,"KOSPI foreigner 순매수 금액 / 전체 매수 금액, 1일 합",0,0.1317,,전반 0.009 / 후반 0.165,제외,"날짜 공통; 시계열 평가(IC 칸 = 겹치지 않는 표본 Spearman ρ, IR 칸 비움); p=0.174",날짜 공통
mkt_foreigner_net_5,시장 수급,"KOSPI foreigner 순매수 금액 / 전체 매수 금액, 5일 합",4,0.1867,,전반 -0.014 / 후반 0.212,제외,"날짜 공통; 시계열 평가(IC 칸 = 겹치지 않는 표본 Spearman ρ, IR 칸 비움); p=0.053",날짜 공통
mkt_foreigner_net_20,시장 수급,"KOSPI foreigner 순매수 금액 / 전체 매수 금액, 20일 합",19,0.1072,,전반 -0.101 / 후반 0.193,제외,"날짜 공통; 시계열 평가(IC 칸 = 겹치지 않는 표본 Spearman ρ, IR 칸 비움); p=0.270",날짜 공통
mkt_institution_net_1,시장 수급,"KOSPI institution 순매수 금액 / 전체 매수 금액, 1일 합",0,-0.0194,,전반 -0.030 / 후반 0.007,제외,"날짜 공통; 시계열 평가(IC 칸 = 겹치지 않는 표본 Spearman ρ, IR 칸 비움); p=0.842",날짜 공통
mkt_institution_net_5,시장 수급,"KOSPI institution 순매수 금액 / 전체 매수 금액, 5일 합",4,-0.0188,,전반 -0.021 / 후반 0.049,제외,"날짜 공통; 시계열 평가(IC 칸 = 겹치지 않는 표본 Spearman ρ, IR 칸 비움); p=0.847",날짜 공통
mkt_institution_net_20,시장 수급,"KOSPI institution 순매수 금액 / 전체 매수 금액, 20일 합",19,-0.1836,,전반 -0.161 / 후반 -0.023,검토,"날짜 공통; 시계열 평가(IC 칸 = 겹치지 않는 표본 Spearman ρ, IR 칸 비움); p=0.057",날짜 공통
mkt_individual_net_1,시장 수급,"KOSPI individual 순매수 금액 / 전체 매수 금액, 1일 합",0,-0.1021,,전반 -0.017 / 후반 -0.136,제외,"날짜 공통; 시계열 평가(IC 칸 = 겹치지 않는 표본 Spearman ρ, IR 칸 비움); p=0.293; 대표: mkt_foreigner_net_1",날짜 공통
mkt_individual_net_5,시장 수급,"KOSPI individual 순매수 금액 / 전체 매수 금액, 5일 합",4,-0.1665,,전반 0.004 / 후반 -0.245,제외,"날짜 공통; 시계열 평가(IC 칸 = 겹치지 않는 표본 Spearman ρ, IR 칸 비움); p=0.085; 대표: mkt_foreigner_net_5",날짜 공통
mkt_individual_net_20,시장 수급,"KOSPI individual 순매수 금액 / 전체 매수 금액, 20일 합",19,-0.0118,,전반 0.301 / 후반 -0.218,제외,"날짜 공통; 시계열 평가(IC 칸 = 겹치지 않는 표본 Spearman ρ, IR 칸 비움); p=0.903; 대표: mkt_foreigner_net_20",날짜 공통
breadth_adv_1,시장,구성종목 중 당일 상승 종목 비율,1,0.1476,,전반 0.130 / 후반 -0.009,제외,"날짜 공통; 시계열 평가(IC 칸 = 겹치지 않는 표본 Spearman ρ, IR 칸 비움); p=0.127",날짜 공통
breadth_adv_5,시장,breadth_adv_1의 5일 평균,5,0.1539,,전반 0.200 / 후반 0.113,검토,"날짜 공통; 시계열 평가(IC 칸 = 겹치지 않는 표본 Spearman ρ, IR 칸 비움); p=0.112",날짜 공통
breadth_below_ma20,시장,구성종목 중 Close < MA20 비율,19,-0.0305,,전반 0.061 / 후반 -0.040,제외,"날짜 공통; 시계열 평가(IC 칸 = 겹치지 않는 표본 Spearman ρ, IR 칸 비움); p=0.754",날짜 공통
cs_dispersion_1,시장,구성종목 당일 수익률의 횡단면 표준편차,1,-0.2168,,전반 -0.034 / 후반 -0.335,검토,"날짜 공통; 시계열 평가(IC 칸 = 겹치지 않는 표본 Spearman ρ, IR 칸 비움); p=0.024",날짜 공통
cs_dispersion_5,시장,cs_dispersion_1의 5일 평균,5,-0.1748,,전반 0.005 / 후반 -0.344,제외,"날짜 공통; 시계열 평가(IC 칸 = 겹치지 않는 표본 Spearman ρ, IR 칸 비움); p=0.070; 대표: cs_dispersion_1",날짜 공통
excess_ret_5,시장 대비,ret_5 - mkt_ret_5,5,-0.0722,-0.434,"전반 -0.057 / 후반 -0.087, 월 부호 일치 89%, t=-4.5",검토,변동성 통제 IR -0.45; 모양: U자(양 끝이 위험); 풀링 부호 반대(between 0.14),종목
excess_ret_20,시장 대비,ret_20 - mkt_ret_20,20,-0.1117,-0.612,"전반 -0.066 / 후반 -0.158, 월 부호 일치 81%, t=-7.1",검토,대표: downside_ratio_20; 변동성 통제 IR -0.37; 모양: U자(양 끝이 위험),종목
beta_60,시장 대비,"cov(r, r_KOSPI) / var(r_KOSPI), 60일",60,-0.1926,-0.844,"전반 -0.211 / 후반 -0.174, 월 부호 일치 100%, t=-9.1",강력 추천,변동성 통제 IR -0.29; 모양: 단조 감소,종목
idio_vol_60,시장 대비,"sqrt(var(r) - beta_60^2·var(r_KOSPI)), 60일 (시장모형 잔차 표준편차)",60,-0.3088,-1.796,"전반 -0.322 / 후반 -0.295, 월 부호 일치 100%, t=-17.9",검토,대표: gk_5; 변동성 통제 IR -1.16; 모양: 단조 감소,종목
down_beta_ret_60,시장 대비,"KOSPI 하락일의 종목 평균 수익률, 60일(최소 15일)",60,0.0717,0.332,"전반 0.084 / 후반 0.059, 월 부호 일치 70%, t=3.6",검토,대표: beta_60; 변동성 통제 IR 0.04; 모양: U자(양 끝이 위험),종목
foreign_net_1,수급,"sum(foreigner_net_volume, 1일) / sum(통합 거래량(KRX+NXT), 1일)",0,-0.0297,-0.243,"전반 -0.044 / 후반 -0.015, 월 부호 일치 78%, t=-2.5",검토,t일 장 마감 후 공표분 사용; 대표: prog_nonarb_net_1; 변동성 통제 IR -0.34; 모양: 역U자(양 끝이 안전),종목
foreign_net_5,수급,"sum(foreigner_net_volume, 5일) / sum(통합 거래량(KRX+NXT), 5일)",4,-0.0261,-0.233,"전반 -0.028 / 후반 -0.024, 월 부호 일치 74%, t=-2.6",검토,t일 장 마감 후 공표분 사용; 대표: prog_nonarb_net_5; 변동성 통제 IR -0.31; 모양: 역U자(양 끝이 안전),종목
foreign_net_20,수급,"sum(foreigner_net_volume, 20일) / sum(통합 거래량(KRX+NXT), 20일)",19,-0.0333,-0.31,"전반 -0.039 / 후반 -0.028, 월 부호 일치 70%, t=-3.4",검토,t일 장 마감 후 공표분 사용; 대표: prog_nonarb_net_20; 변동성 통제 IR -0.29; 모양: 역U자(양 끝이 안전),종목
inst_net_1,수급,"sum(institution_net_volume, 1일) / sum(통합 거래량(KRX+NXT), 1일)",0,-0.0442,-0.339,"전반 -0.029 / 후반 -0.059, 월 부호 일치 78%, t=-4.2",검토,t일 장 마감 후 공표분 사용; 변동성 통제 IR -0.31; 모양: 역U자(양 끝이 안전),종목
inst_net_5,수급,"sum(institution_net_volume, 5일) / sum(통합 거래량(KRX+NXT), 5일)",4,-0.0669,-0.549,"전반 -0.048 / 후반 -0.086, 월 부호 일치 85%, t=-5.7",검토,t일 장 마감 후 공표분 사용; 대표: pension_net_5; 변동성 통제 IR -0.41; 모양: 비단조·약함,종목
inst_net_20,수급,"sum(institution_net_volume, 20일) / sum(통합 거래량(KRX+NXT), 20일)",19,-0.0758,-0.61,"전반 -0.056 / 후반 -0.096, 월 부호 일치 85%, t=-7.1",검토,t일 장 마감 후 공표분 사용; 대표: pension_net_20; 변동성 통제 IR -0.32; 모양: 비단조·약함,종목
indiv_net_1,수급,"sum(individual_net_volume, 1일) / sum(통합 거래량(KRX+NXT), 1일)",0,0.0544,0.396,"전반 0.058 / 후반 0.051, 월 부호 일치 93%, t=5.3",검토,t일 장 마감 후 공표분 사용; 변동성 통제 IR 0.49; 모양: 역U자(양 끝이 안전),종목
indiv_net_5,수급,"sum(individual_net_volume, 5일) / sum(통합 거래량(KRX+NXT), 5일)",4,0.0628,0.472,"전반 0.053 / 후반 0.072, 월 부호 일치 93%, t=5.5",검토,t일 장 마감 후 공표분 사용; 변동성 통제 IR 0.49; 모양: 역U자(양 끝이 안전),종목
indiv_net_20,수급,"sum(individual_net_volume, 20일) / sum(통합 거래량(KRX+NXT), 20일)",19,0.0729,0.55,"전반 0.063 / 후반 0.083, 월 부호 일치 85%, t=6.2",강력 추천,t일 장 마감 후 공표분 사용; 변동성 통제 IR 0.40; 모양: 역U자(양 끝이 안전),종목
pension_net_1,수급,"sum(inst_pension_fund, 1일) / sum(통합 거래량(KRX+NXT), 1일)",0,-0.0478,-0.43,"전반 -0.030 / 후반 -0.065, 월 부호 일치 78%, t=-4.9",검토,t일 장 마감 후 공표분 사용; 변동성 통제 IR -0.29; 모양: 역U자(양 끝이 안전),종목
pension_net_5,수급,"sum(inst_pension_fund, 5일) / sum(통합 거래량(KRX+NXT), 5일)",4,-0.0716,-0.63,"전반 -0.045 / 후반 -0.098, 월 부호 일치 85%, t=-6.8",강력 추천,t일 장 마감 후 공표분 사용; 변동성 통제 IR -0.42; 모양: 역U자(양 끝이 안전),종목
pension_net_20,수급,"sum(inst_pension_fund, 20일) / sum(통합 거래량(KRX+NXT), 20일)",19,-0.0821,-0.709,"전반 -0.052 / 후반 -0.112, 월 부호 일치 85%, t=-7.8",강력 추천,t일 장 마감 후 공표분 사용; 변동성 통제 IR -0.35; 모양: 비단조·약함,종목
fininv_net_1,수급,"sum(inst_financial_investment, 1일) / sum(통합 거래량(KRX+NXT), 1일)",0,0.0064,0.042,"전반 0.009 / 후반 0.003, 월 부호 일치 52%, t=-0.3",제외,t일 장 마감 후 공표분 사용; 변동성 통제 IR -0.00; 모양: 역U자(양 끝이 안전),종목
fininv_net_5,수급,"sum(inst_financial_investment, 5일) / sum(통합 거래량(KRX+NXT), 5일)",4,-0.0055,-0.039,"전반 -0.002 / 후반 -0.009, 월 부호 일치 52%, t=-0.0",제외,t일 장 마감 후 공표분 사용; 변동성 통제 IR -0.10; 모양: 역U자(양 끝이 안전),종목
fininv_net_20,수급,"sum(inst_financial_investment, 20일) / sum(통합 거래량(KRX+NXT), 20일)",19,-0.0021,-0.016,"전반 -0.005 / 후반 0.001, 월 부호 일치 56%, t=-0.7",제외,t일 장 마감 후 공표분 사용; 변동성 통제 IR -0.07; 모양: 역U자(양 끝이 안전),종목
prog_nonarb_net_1,수급,"sum(non_arbitrage_net_volume, 1일) / sum(KRX 거래량, 1일)",0,-0.0411,-0.344,"전반 -0.052 / 후반 -0.030, 월 부호 일치 89%, t=-3.7",검토,t일 장 마감 후 공표분 사용; 변동성 통제 IR -0.40; 모양: 역U자(양 끝이 안전),종목
prog_nonarb_net_5,수급,"sum(non_arbitrage_net_volume, 5일) / sum(KRX 거래량, 5일)",4,-0.0423,-0.383,"전반 -0.041 / 후반 -0.044, 월 부호 일치 81%, t=-3.7",검토,t일 장 마감 후 공표분 사용; 변동성 통제 IR -0.40; 모양: 역U자(양 끝이 안전),종목
prog_nonarb_net_20,수급,"sum(non_arbitrage_net_volume, 20일) / sum(KRX 거래량, 20일)",19,-0.0591,-0.552,"전반 -0.053 / 후반 -0.065, 월 부호 일치 89%, t=-6.1",강력 추천,t일 장 마감 후 공표분 사용; 변동성 통제 IR -0.42; 모양: 역U자(양 끝이 안전),종목
prog_arb_net_1,수급,"sum(arbitrage_net_volume, 1일) / sum(KRX 거래량, 1일)",0,-0.0033,-0.014,"전반 -0.027 / 후반 0.020, 월 부호 일치 44%, t=-0.2",제외,t일 장 마감 후 공표분 사용; 변동성 통제 IR -0.03; 모양: U자(양 끝이 위험),종목
prog_arb_net_5,수급,"sum(arbitrage_net_volume, 5일) / sum(KRX 거래량, 5일)",4,-0.0018,-0.008,"전반 -0.053 / 후반 0.049, 월 부호 일치 44%, t=0.1",제외,t일 장 마감 후 공표분 사용; 변동성 통제 IR 0.03; 모양: U자(양 끝이 위험),종목
prog_arb_net_20,수급,"sum(arbitrage_net_volume, 20일) / sum(KRX 거래량, 20일)",19,0.0364,0.164,"전반 -0.044 / 후반 0.117, 월 부호 일치 56%, t=1.4",제외,t일 장 마감 후 공표분 사용; 변동성 통제 IR 0.17; 모양: 단조 증가; 풀링 부호 반대(between -0.09),종목
foreign_hold,수급,외국인 보유율(0~1),0,0.0645,0.558,"전반 0.067 / 후반 0.062, 월 부호 일치 89%, t=5.8",강력 추천,변동성 통제 IR 0.40; 모양: 비단조·약함,종목
foreign_hold_chg_20,수급,외국인 보유율 20일 변화,20,-0.0246,-0.235,"전반 -0.026 / 후반 -0.024, 월 부호 일치 70%, t=-2.1",검토,대표: prog_nonarb_net_20; 변동성 통제 IR -0.25; 모양: U자(양 끝이 위험),종목
cfd_buy_rate,수급,CFD 매수 잔고율,0,-0.0119,-0.15,"전반 -0.004 / 후반 -0.020, 월 부호 일치 59%, t=-0.9",제외,결측 약 18%; 변동성 통제 IR 0.49; 모양: 비단조·약함,종목
short_share_1,공매도·대차,"sum(공매도 거래량, 1일) / sum(KRX 거래량, 1일)",0,0.0377,0.316,"전반 0.017 / 후반 0.058, 월 부호 일치 74%, t=3.3",검토,2025-03-31 전 공매도 금지 기간과 체제가 다름; 변동성 통제 IR 0.04; 모양: 단조 증가; 풀링 부호 반대(between -0.02),종목
short_share_5,공매도·대차,"sum(공매도 거래량, 5일) / sum(KRX 거래량, 5일)",4,0.0741,0.59,"전반 0.055 / 후반 0.093, 월 부호 일치 81%, t=4.8",검토,2025-03-31 전 공매도 금지 기간과 체제가 다름; 대표: short_share_20; 변동성 통제 IR 0.19; 모양: 단조 증가,종목
short_share_20,공매도·대차,"sum(공매도 거래량, 20일) / sum(KRX 거래량, 20일)",19,0.0802,0.642,"전반 0.061 / 후반 0.099, 월 부호 일치 89%, t=5.3",강력 추천,2025-03-31 전 공매도 금지 기간과 체제가 다름; 변동성 통제 IR 0.07; 모양: 단조 증가,종목
margin_rate,신용,신용잔고율(0~1),0,-0.1542,-0.847,"전반 -0.167 / 후반 -0.141, 월 부호 일치 100%, t=-7.9",강력 추천,변동성 통제 IR -0.36; 모양: 단조 감소,종목
margin_chg_5,신용,신용잔고 수량 5일 변화율,5,-0.0107,-0.115,"전반 -0.018 / 후반 -0.004, 월 부호 일치 67%, t=-1.7",제외,변동성 통제 IR 0.01; 모양: U자(양 끝이 위험),종목
margin_chg_20,신용,신용잔고 수량 20일 변화율,20,-0.0128,-0.126,"전반 -0.025 / 후반 -0.000, 월 부호 일치 56%, t=-1.7",제외,변동성 통제 IR 0.13; 모양: U자(양 끝이 위험),종목
margin_days_20,신용,신용잔고 수량 / 20일 평균 통합 거래량,19,0.0204,0.138,"전반 0.006 / 후반 0.035, 월 부호 일치 67%, t=1.4",제외,변동성 통제 IR -0.15; 모양: 역U자(양 끝이 안전),종목
lend_chg_5,공매도·대차,대차잔고 수량 5일 변화율,5,-0.0036,-0.043,"전반 -0.010 / 후반 0.003, 월 부호 일치 56%, t=0.2",제외,2024-01~07은 2024-08-08 일괄 재갱신; 변동성 통제 IR 0.04; 모양: U자(양 끝이 위험),종목
lend_chg_20,공매도·대차,대차잔고 수량 20일 변화율,20,-0.013,-0.155,"전반 -0.017 / 후반 -0.009, 월 부호 일치 63%, t=-1.1",제외,2024-01~07은 2024-08-08 일괄 재갱신; 변동성 통제 IR 0.03; 모양: U자(양 끝이 위험),종목
lend_days_20,공매도·대차,대차잔고 수량 / 20일 평균 통합 거래량,19,0.1697,1.119,"전반 0.169 / 후반 0.170, 월 부호 일치 100%, t=10.3",강력 추천,변동성 통제 IR 0.22; 모양: 단조 증가,종목
ind_ret_5,업종,같은 날 같은 업종 구성종목의 ret_5 평균,5,-0.0496,-0.312,"전반 -0.032 / 후반 -0.067, 월 부호 일치 81%, t=-3.4",검토,업종은 현재값; 변동성 통제 IR -0.27; 모양: U자(양 끝이 위험); 풀링 부호 반대(between 0.13),종목
ind_ret_20,업종,같은 날 같은 업종 구성종목의 ret_20 평균,20,-0.0816,-0.477,"전반 -0.037 / 후반 -0.126, 월 부호 일치 78%, t=-5.3",검토,업종은 현재값; 변동성 통제 IR -0.24; 모양: 비단조·약함,종목
ind_vol_20,업종,같은 날 같은 업종 구성종목의 vol_20 평균,20,-0.2271,-1.353,"전반 -0.243 / 후반 -0.211, 월 부호 일치 100%, t=-13.6",강력 추천,업종은 현재값; 변동성 통제 IR -0.44; 모양: 단조 감소,종목
ind_foreign_net_5,업종,같은 날 같은 업종 구성종목의 foreign_net_5 평균,4,-0.0097,-0.082,"전반 -0.012 / 후반 -0.008, 월 부호 일치 56%, t=-0.9",제외,업종은 현재값; 변동성 통제 IR -0.11; 모양: 역U자(양 끝이 안전),종목
