model,pooled_rho,IC,IC_IR,level_corr,level_bias,MAE,top10_event_rate,pooled_f2,pooled_f3,pooled_f4,pooled_f5
B0 상수(학습 평균),-0.1154278503647015,,,-0.27041690791625234,0.003957812736774546,0.0316717147388969,0.06783593170007424,,,,
B1 gk_5 선형,0.2986864599128703,0.3159085676086785,1.9203135475863118,0.37163745604329995,0.0013483419043029147,0.02991544791311387,0.30545580910459863,0.24583573712021686,0.25452699806700974,0.26222626742817523,0.28666339923047646
B2 변동성 3개 선형,0.3108347624043669,0.3226425924089781,1.8357796921826144,0.4223008146127911,0.0009076477501183906,0.0297554369046218,0.3115950422796247,0.24768813477583082,0.29485382215408057,0.2673430442105717,0.3033886866363191
M1 Ridge 전체 변수,0.22740247139691527,0.33376882582412754,1.711537949263585,0.014719315974932364,-0.001875661963274075,0.03198565507246895,0.1987721533649948,0.2823446577171012,0.34566836457122263,0.21116227819900324,0.27739691988364695
M2 LightGBM 전체 변수,0.27949997663574355,0.3319180900993348,1.7610437391708895,0.3314561685205122,-0.007615422503358844,0.03242465132540912,0.32248349357118034,0.32137430432231323,0.2609297046221422,0.12796816444600598,0.366499230712104
M3 변동성 수준 + 횡단면 잔차 LGB,0.320241242902994,0.3384684711505635,1.7647417338307596,0.42204849826348606,0.0008926734803383619,0.029589317154978433,0.30557164369280665,0.27904472172242384,0.3106004209043278,0.2692953950813498,0.3065289932619968
M3 기본,0.320241242902994,0.3384684711505635,1.7647417338307596,0.42204849826348606,0.0008926734803383619,0.029589317154978433,0.30557164369280665,0.27904472172242384,0.3106004209043278,0.2692953950813498,0.3065289932619968
수준 변수 gk_5만,0.31134782966941,0.3340357328101478,1.718190782871199,0.3716372099341996,0.001348250478695687,0.02961059761027353,0.3056874782810147,0.27595522677382883,0.2859008619834968,0.2720444150469029,0.2963244802334585
횡단면: 수급·신용·대차 제외,0.3193638177822841,0.3376084468961255,1.782528137950352,0.42204849826348606,0.0008926734803383616,0.029610688071569493,0.30163326769373333,0.28228266556006876,0.3049110012030683,0.26984242377523066,0.30634298973906016
횡단면: downside_ratio_20 제외,0.32004420086405727,0.3378518746319755,1.7607856384429357,0.42204849826348617,0.0008926734803383616,0.02959357301290678,0.3049924707517665,0.2794413365930849,0.30899682848112703,0.26955392581166643,0.3071314326371634
횡단면: 변동성 변수만,0.3130262324648225,0.32764935643902177,1.783488599020731,0.42204849826348617,0.0008926734803383619,0.029695592127639298,0.3110158693385845,0.2642642626606857,0.29986088124051846,0.26392612293655093,0.301666038100038
트리 100개,0.3212847163869508,0.3392950448430534,1.7816465420195275,0.42204849826348606,0.0008926734803383616,0.02956164226931324,0.3119425460442488,0.28014095665429806,0.31090449344602394,0.2712358550858412,0.30630446165941466
트리 400개,0.3164148970375693,0.33462296591382196,1.7447831329952441,0.42204849826348617,0.0008926734803383617,0.02966146167868261,0.29896907216494845,0.27309796551008325,0.3070828848820592,0.265414824544398,0.3055379266595777
잎 31개,0.3174442911638874,0.33593913246995205,1.7577252893648552,0.42204849826348617,0.0008926734803383616,0.02963562105124137,0.300706590988069,0.27449581181215804,0.3057808701151718,0.2674669449891247,0.30804575829657493
